WKT,confidence,detection_,TIF IMAGE
"POLYGON ((183319 448081,183334.5 448081.0,183334.5 448065.5,183319.0 448065.5,183319 448081))",100,charcoal_kiln,LiDAR files/40an1/40an1_SLRM_clip.tif
"POLYGON ((196574 450168,196585.5 450168.0,196585.5 450154.5,196574.0 450154.5,196574 450168))",100,charcoal_kiln,LiDAR files/33dz2/33dz2_SLRM_clip.tif
"POLYGON ((196592.5 450165.5,196605.0 450165.5,196605.0 450153.5,196592.5 450153.5,196592.5 450165.5))",100,charcoal_kiln,LiDAR files/33dz2/33dz2_SLRM_clip.tif
"POLYGON ((188102.0 472304.5,188113.0 472304.5,188113 472295,188102 472295,188102.0 472304.5))",100,charcoal_kiln,LiDAR files/33an2/33an2_SLRM_clip.tif
"POLYGON ((188119.5 472301.0,188133 472301,188133 472295,188119.5 472295.0,188119.5 472301.0))",100,charcoal_kiln,LiDAR files/33an2/33an2_SLRM_clip.tif
"POLYGON ((195502 453998,195515.5 453998.0,195515.5 453985.0,195502 453985,195502 453998))",100,charcoal_kiln,LiDAR files/33dz2/33dz2_SLRM_clip.tif
"POLYGON ((195510.0 453982.5,195522.5 453982.5,195522.5 453969.0,195510 453969,195510.0 453982.5))",100,charcoal_kiln,LiDAR files/33dz2/33dz2_SLRM_clip.tif
"POLYGON ((195510.5 453968.0,195523 453968,195523 453956,195510.5 453956.0,195510.5 453968.0))",100,charcoal_kiln,LiDAR files/33dz2/33dz2_SLRM_clip.tif
"POLYGON ((178094 481159,178111.5 481159.0,178111.5 481142.5,178094.0 481142.5,178094 481159))",100,charcoal_kiln,LiDAR files/26hz2/26hz2_SLRM_clip.tif
"POLYGON ((178103.5 481292.5,178121.0 481292.5,178121.0 481275.5,178103.5 481275.5,178103.5 481292.5))",100,charcoal_kiln,LiDAR files/26hz2/26hz2_SLRM_clip.tif
"POLYGON ((176776.5 473671.5,176794.5 473671.5,176794.5 473654.5,176776.5 473654.5,176776.5 473671.5))",100,charcoal_kiln,LiDAR files/32fn2/32fn2_SLRM_clip.tif
"POLYGON ((176770 473654,176787 473654,176787 473636,176770 473636,176770 473654))",100,charcoal_kiln,LiDAR files/32fn2/32fn2_SLRM_clip.tif
"POLYGON ((176758.0 473658.5,176774.0 473658.5,176774.0 473641.5,176758.0 473641.5,176758.0 473658.5))",100,charcoal_kiln,LiDAR files/32fn2/32fn2_SLRM_clip.tif
"POLYGON ((176718.0 473588.5,176738.5 473588.5,176738.5 473566.5,176718.0 473566.5,176718.0 473588.5))",100,charcoal_kiln,LiDAR files/32fn2/32fn2_SLRM_clip.tif
"POLYGON ((176693.5 473574.5,176712.5 473574.5,176712.5 473559.5,176693.5 473559.5,176693.5 473574.5))",100,charcoal_kiln,LiDAR files/32fn2/32fn2_SLRM_clip.tif
"POLYGON ((176897.5 473582.0,176912.5 473582.0,176912.5 473565.5,176897.5 473565.5,176897.5 473582.0))",100,charcoal_kiln,LiDAR files/32fn2/32fn2_SLRM_clip.tif
"POLYGON ((178036.5 481151.0,178052.5 481151.0,178052.5 481134.0,178036.5 481134.0,178036.5 481151.0))",100,charcoal_kiln,LiDAR files/26hz2/26hz2_SLRM_clip.tif
"POLYGON ((178048 481151,178065.5 481151.0,178065.5 481132.5,178048.0 481132.5,178048 481151))",100,charcoal_kiln,LiDAR files/26hz2/26hz2_SLRM_clip.tif
"POLYGON ((178059 481153,178077.5 481153.0,178077.5 481134.5,178059.0 481134.5,178059 481153))",100,charcoal_kiln,LiDAR files/26hz2/26hz2_SLRM_clip.tif
"POLYGON ((189566.0 472540.5,189580.0 472540.5,189580.0 472526.5,189566.0 472526.5,189566.0 472540.5))",100,charcoal_kiln,LiDAR files/33an2/33an2_SLRM_clip.tif
"POLYGON ((189557.0 472554.5,189571.5 472554.5,189571.5 472539.5,189557.0 472539.5,189557.0 472554.5))",100,charcoal_kiln,LiDAR files/33an2/33an2_SLRM_clip.tif
"POLYGON ((195967.0 453935.5,195979.5 453935.5,195979.5 453922.0,195967 453922,195967.0 453935.5))",100,charcoal_kiln,LiDAR files/33dz2/33dz2_SLRM_clip.tif
"POLYGON ((195997.0 454776.5,196011.5 454776.5,196011.5 454761.5,195997.0 454761.5,195997.0 454776.5))",100,charcoal_kiln,LiDAR files/33dz2/33dz2_SLRM_clip.tif
"POLYGON ((178997.5 449640.0,179011 449640,179011.0 449625.5,178997.5 449625.5,178997.5 449640.0))",100,charcoal_kiln,LiDAR files/39fn2/39fn2_SLRM_clip.tif
"POLYGON ((178994.5 449610.0,179010 449610,179010 449595,178994.5 449595.0,178994.5 449610.0))",100,charcoal_kiln,LiDAR files/39fn2/39fn2_SLRM_clip.tif
"POLYGON ((178976.5 449616.0,178992.5 449616.0,178992.5 449600.0,178976.5 449600.0,178976.5 449616.0))",100,charcoal_kiln,LiDAR files/39fn2/39fn2_SLRM_clip.tif
"POLYGON ((178982 449604,178996.5 449604.0,178996.5 449588.0,178982 449588,178982 449604))",100,charcoal_kiln,LiDAR files/39fn2/39fn2_SLRM_clip.tif
"POLYGON ((179001.0 449590.5,179017.0 449590.5,179017.0 449575.5,179001.0 449575.5,179001.0 449590.5))",100,charcoal_kiln,LiDAR files/39fn2/39fn2_SLRM_clip.tif
"POLYGON ((178986 449592,179002 449592,179002 449578,178986 449578,178986 449592))",100,charcoal_kiln,LiDAR files/39fn2/39fn2_SLRM_clip.tif
"POLYGON ((177571 483223,177587 483223,177587.0 483207.5,177571.0 483207.5,177571 483223))",100,charcoal_kiln,LiDAR files/26hn2/26hn2_SLRM_clip.tif
"POLYGON ((177550.5 483215.0,177566.5 483215.0,177566.5 483199.5,177550.5 483199.5,177550.5 483215.0))",100,charcoal_kiln,LiDAR files/26hn2/26hn2_SLRM_clip.tif
"POLYGON ((177527 483232,177542.5 483232.0,177542.5 483216.5,177527.0 483216.5,177527 483232))",100,charcoal_kiln,LiDAR files/26hn2/26hn2_SLRM_clip.tif
"POLYGON ((178569 481192,178586 481192,178586.0 481175.5,178569.0 481175.5,178569 481192))",100,charcoal_kiln,LiDAR files/26hz2/26hz2_SLRM_clip.tif
"POLYGON ((178577.5 481297.0,178592.5 481297.0,178592.5 481282.0,178577.5 481282.0,178577.5 481297.0))",100,charcoal_kiln,LiDAR files/26hz2/26hz2_SLRM_clip.tif
"POLYGON ((179321.0 480269.5,179337.0 480269.5,179337 480255,179321 480255,179321.0 480269.5))",100,charcoal_kiln,LiDAR files/26hz2/26hz2_SLRM_clip.tif
"POLYGON ((179306 480262,179322 480262,179322 480248,179306 480248,179306 480262))",100,charcoal_kiln,LiDAR files/26hz2/26hz2_SLRM_clip.tif
"POLYGON ((179291.0 480266.5,179307.5 480266.5,179307.5 480251.5,179291.0 480251.5,179291.0 480266.5))",100,charcoal_kiln,LiDAR files/26hz2/26hz2_SLRM_clip.tif
"POLYGON ((179276.5 480263.5,179292.5 480263.5,179292.5 480249.0,179276.5 480249.0,179276.5 480263.5))",100,charcoal_kiln,LiDAR files/26hz2/26hz2_SLRM_clip.tif
"POLYGON ((179265.0 480260.5,179279.5 480260.5,179279.5 480246.0,179265 480246,179265.0 480260.5))",100,charcoal_kiln,LiDAR files/26hz2/26hz2_SLRM_clip.tif
"POLYGON ((179276.5 480250.0,179291 480250,179291.0 480235.5,179276.5 480235.5,179276.5 480250.0))",100,charcoal_kiln,LiDAR files/26hz2/26hz2_SLRM_clip.tif
"POLYGON ((179251 480256,179267 480256,179267.0 480242.5,179251.0 480242.5,179251 480256))",100,charcoal_kiln,LiDAR files/26hz2/26hz2_SLRM_clip.tif
"POLYGON ((179254.5 480244.5,179272.0 480244.5,179272 480228,179254.5 480228.0,179254.5 480244.5))",100,charcoal_kiln,LiDAR files/26hz2/26hz2_SLRM_clip.tif
"POLYGON ((179242 480239,179258.5 480239.0,179258.5 480224.5,179242.0 480224.5,179242 480239))",100,charcoal_kiln,LiDAR files/26hz2/26hz2_SLRM_clip.tif
"POLYGON ((179239 480254,179255.5 480254.0,179255.5 480238.5,179239.0 480238.5,179239 480254))",100,charcoal_kiln,LiDAR files/26hz2/26hz2_SLRM_clip.tif
"POLYGON ((179226.0 480248.5,179243.5 480248.5,179243.5 480233.0,179226 480233,179226.0 480248.5))",100,charcoal_kiln,LiDAR files/26hz2/26hz2_SLRM_clip.tif
"POLYGON ((179215.5 480245.0,179228.5 480245.0,179228.5 480231.0,179215.5 480231.0,179215.5 480245.0))",100,charcoal_kiln,LiDAR files/26hz2/26hz2_SLRM_clip.tif
"POLYGON ((179203.5 480241.5,179216.5 480241.5,179216.5 480228.0,179203.5 480228.0,179203.5 480241.5))",100,charcoal_kiln,LiDAR files/26hz2/26hz2_SLRM_clip.tif
"POLYGON ((179484.5 480142.5,179497.5 480142.5,179497.5 480127.0,179484.5 480127.0,179484.5 480142.5))",100,charcoal_kiln,LiDAR files/26hz2/26hz2_SLRM_clip.tif
"POLYGON ((179482 480192,179495.5 480192.0,179495.5 480175.5,179482.0 480175.5,179482 480192))",100,charcoal_kiln,LiDAR files/26hz2/26hz2_SLRM_clip.tif
"POLYGON ((179459 480220,179474 480220,179474.0 480205.5,179459.0 480205.5,179459 480220))",100,charcoal_kiln,LiDAR files/26hz2/26hz2_SLRM_clip.tif
"POLYGON ((179380.0 480193.5,179394.5 480193.5,179394.5 480180.5,179380.0 480180.5,179380.0 480193.5))",100,charcoal_kiln,LiDAR files/26hz2/26hz2_SLRM_clip.tif
"POLYGON ((179414 480127,179430.5 480127.0,179430.5 480113.5,179414.0 480113.5,179414 480127))",100,charcoal_kiln,LiDAR files/26hz2/26hz2_SLRM_clip.tif
"POLYGON ((179807.0 476350.5,179821.0 476350.5,179821 476337,179807 476337,179807.0 476350.5))",100,charcoal_kiln,LiDAR files/26hz2/26hz2_SLRM_clip.tif
"POLYGON ((176552.0 473541.5,176567.5 473541.5,176567.5 473525.5,176552.0 473525.5,176552.0 473541.5))",100,charcoal_kiln,LiDAR files/32fn2/32fn2_SLRM_clip.tif
"POLYGON ((176607.5 473587.0,176623 473587,176623.0 473570.5,176607.5 473570.5,176607.5 473587.0))",100,charcoal_kiln,LiDAR files/32fn2/32fn2_SLRM_clip.tif
"POLYGON ((176620.5 473615.5,176636.5 473615.5,176636.5 473597.0,176620.5 473597.0,176620.5 473615.5))",100,charcoal_kiln,LiDAR files/32fn2/32fn2_SLRM_clip.tif
"POLYGON ((176624.5 473573.0,176639.5 473573.0,176639.5 473556.5,176624.5 473556.5,176624.5 473573.0))",100,charcoal_kiln,LiDAR files/32fn2/32fn2_SLRM_clip.tif
"POLYGON ((176623.5 473541.0,176639 473541,176639.0 473524.5,176623.5 473524.5,176623.5 473541.0))",100,charcoal_kiln,LiDAR files/32fn2/32fn2_SLRM_clip.tif
"POLYGON ((179201.0 480242.5,179216.0 480242.5,179216.0 480225.5,179201.0 480225.5,179201.0 480242.5))",100,charcoal_kiln,LiDAR files/26hz2/26hz2_SLRM_clip.tif
"POLYGON ((178725 481177,178742 481177,178742 481161,178725 481161,178725 481177))",100,charcoal_kiln,LiDAR files/26hz2/26hz2_SLRM_clip.tif
"POLYGON ((177812.5 483097.0,177827.5 483097.0,177827.5 483085.0,177812.5 483085.0,177812.5 483097.0))",100,charcoal_kiln,LiDAR files/26hn2/26hn2_SLRM_clip.tif
"POLYGON ((197208 450171,197222 450171,197222 450158,197208 450158,197208 450171))",100,charcoal_kiln,LiDAR files/33dz2/33dz2_SLRM_clip.tif
"POLYGON ((196991 450392,197004 450392,197004.0 450380.5,196991.0 450380.5,196991 450392))",100,charcoal_kiln,LiDAR files/33dz2/33dz2_SLRM_clip.tif
"POLYGON ((195787.5 454454.0,195800.5 454454.0,195800.5 454441.0,195787.5 454441.0,195787.5 454454.0))",100,charcoal_kiln,LiDAR files/33dz2/33dz2_SLRM_clip.tif
"POLYGON ((195864.5 454450.0,195877 454450,195877 454438,195864.5 454438.0,195864.5 454450.0))",100,charcoal_kiln,LiDAR files/33dz2/33dz2_SLRM_clip.tif
"POLYGON ((195879.5 454480.0,195892.5 454480.0,195892.5 454465.5,195879.5 454465.5,195879.5 454480.0))",100,charcoal_kiln,LiDAR files/33dz2/33dz2_SLRM_clip.tif
"POLYGON ((195857.0 454475.5,195870.0 454475.5,195870 454462,195857 454462,195857.0 454475.5))",100,charcoal_kiln,LiDAR files/33dz2/33dz2_SLRM_clip.tif
"POLYGON ((195898 454463,195911 454463,195911.0 454449.5,195898.0 454449.5,195898 454463))",100,charcoal_kiln,LiDAR files/33dz2/33dz2_SLRM_clip.tif
"POLYGON ((195523.0 454549.5,195535.0 454549.5,195535 454537,195523 454537,195523.0 454549.5))",100,charcoal_kiln,LiDAR files/33dz2/33dz2_SLRM_clip.tif
"POLYGON ((195500.5 454496.0,195513.5 454496.0,195513.5 454483.0,195500.5 454483.0,195500.5 454496.0))",100,charcoal_kiln,LiDAR files/33dz2/33dz2_SLRM_clip.tif
"POLYGON ((195536.5 454581.5,195549.5 454581.5,195549.5 454568.0,195536.5 454568.0,195536.5 454581.5))",100,charcoal_kiln,LiDAR files/33dz2/33dz2_SLRM_clip.tif
"POLYGON ((195593 454621,195606.5 454621.0,195606.5 454606.5,195593.0 454606.5,195593 454621))",100,charcoal_kiln,LiDAR files/33dz2/33dz2_SLRM_clip.tif
"POLYGON ((195558 454573,195570.5 454573.0,195570.5 454559.5,195558.0 454559.5,195558 454573))",100,charcoal_kiln,LiDAR files/33dz2/33dz2_SLRM_clip.tif
"POLYGON ((195582 454575,195595 454575,195595 454562,195582 454562,195582 454575))",100,charcoal_kiln,LiDAR files/33dz2/33dz2_SLRM_clip.tif
"POLYGON ((195598.5 454572.5,195610.5 454572.5,195610.5 454560.5,195598.5 454560.5,195598.5 454572.5))",100,charcoal_kiln,LiDAR files/33dz2/33dz2_SLRM_clip.tif
"POLYGON ((195641.5 454592.5,195655.5 454592.5,195655.5 454579.0,195641.5 454579.0,195641.5 454592.5))",100,charcoal_kiln,LiDAR files/33dz2/33dz2_SLRM_clip.tif
"POLYGON ((195539.0 454513.5,195552.5 454513.5,195552.5 454500.0,195539 454500,195539.0 454513.5))",100,charcoal_kiln,LiDAR files/33dz2/33dz2_SLRM_clip.tif
"POLYGON ((195525 454463,195538 454463,195538 454450,195525 454450,195525 454463))",100,charcoal_kiln,LiDAR files/33dz2/33dz2_SLRM_clip.tif
"POLYGON ((195561.5 454464.5,195575.0 454464.5,195575.0 454451.5,195561.5 454451.5,195561.5 454464.5))",100,charcoal_kiln,LiDAR files/33dz2/33dz2_SLRM_clip.tif
"POLYGON ((195599.5 454490.0,195613.5 454490.0,195613.5 454476.5,195599.5 454476.5,195599.5 454490.0))",100,charcoal_kiln,LiDAR files/33dz2/33dz2_SLRM_clip.tif
"POLYGON ((195587.5 454527.5,195600.5 454527.5,195600.5 454515.0,195587.5 454515.0,195587.5 454527.5))",100,charcoal_kiln,LiDAR files/33dz2/33dz2_SLRM_clip.tif
"POLYGON ((195631.0 454540.5,195643.0 454540.5,195643.0 454528.5,195631.0 454528.5,195631.0 454540.5))",100,charcoal_kiln,LiDAR files/33dz2/33dz2_SLRM_clip.tif
"POLYGON ((195788 454455,195797.5 454455.0,195797.5 454440.0,195788 454440,195788 454455))",100,charcoal_kiln,LiDAR files/33dz2/33dz2_SLRM_clip.tif
"POLYGON ((177704.5 479939.0,177721 479939,177721.0 479924.5,177704.5 479924.5,177704.5 479939.0))",100,charcoal_kiln,LiDAR files/26hz2/26hz2_SLRM_clip.tif
"POLYGON ((177719.5 479936.5,177734.5 479936.5,177734.5 479921.0,177719.5 479921.0,177719.5 479936.5))",100,charcoal_kiln,LiDAR files/26hz2/26hz2_SLRM_clip.tif
"POLYGON ((195501.5 453998.5,195512.5 453998.5,195512.5 453984.5,195501.5 453984.5,195501.5 453998.5))",100,charcoal_kiln,LiDAR files/33dz2/33dz2_SLRM_clip.tif
"POLYGON ((188587.0 475340.5,188601.5 475340.5,188601.5 475326.0,188587 475326,188587.0 475340.5))",100,charcoal_kiln,LiDAR files/27cz2/27cz2_SLRM_clip.tif
"POLYGON ((182023 475544,182037.5 475544.0,182037.5 475532.5,182023.0 475532.5,182023 475544))",100,charcoal_kiln,LiDAR files/27cz1/27cz1_SLRM_clip.tif
"POLYGON ((178126 482883,178143 482883,178143.0 482867.5,178126.0 482867.5,178126 482883))",100,charcoal_kiln,LiDAR files/26hn2/26hn2_SLRM_clip.tif
"POLYGON ((178142.5 482877.5,178157.0 482877.5,178157 482863,178142.5 482863.0,178142.5 482877.5))",100,charcoal_kiln,LiDAR files/26hn2/26hn2_SLRM_clip.tif
"POLYGON ((178148.5 482865.5,178163.0 482865.5,178163.0 482851.5,178148.5 482851.5,178148.5 482865.5))",100,charcoal_kiln,LiDAR files/26hn2/26hn2_SLRM_clip.tif
"POLYGON ((178158.5 482872.0,178174 482872,178174.0 482856.5,178158.5 482856.5,178158.5 482872.0))",100,charcoal_kiln,LiDAR files/26hn2/26hn2_SLRM_clip.tif
"POLYGON ((178173 482862,178189 482862,178189 482847,178173 482847,178173 482862))",100,charcoal_kiln,LiDAR files/26hn2/26hn2_SLRM_clip.tif
"POLYGON ((178228.5 482815.0,178244.5 482815.0,178244.5 482800.0,178228.5 482800.0,178228.5 482815.0))",100,charcoal_kiln,LiDAR files/26hn2/26hn2_SLRM_clip.tif
"POLYGON ((178958 481153,178971.5 481153.0,178971.5 481138.5,178958.0 481138.5,178958 481153))",100,charcoal_kiln,LiDAR files/26hz2/26hz2_SLRM_clip.tif
"POLYGON ((178968.5 481143.5,178983.5 481143.5,178983.5 481129.5,178968.5 481129.5,178968.5 481143.5))",100,charcoal_kiln,LiDAR files/26hz2/26hz2_SLRM_clip.tif
"POLYGON ((178957.5 481108.5,178972.5 481108.5,178972.5 481094.0,178957.5 481094.0,178957.5 481108.5))",100,charcoal_kiln,LiDAR files/26hz2/26hz2_SLRM_clip.tif
"POLYGON ((179191.0 481220.5,179205.5 481220.5,179205.5 481206.0,179191 481206,179191.0 481220.5))",100,charcoal_kiln,LiDAR files/26hz2/26hz2_SLRM_clip.tif
"POLYGON ((179183.0 481246.5,179198.5 481246.5,179198.5 481232.0,179183 481232,179183.0 481246.5))",100,charcoal_kiln,LiDAR files/26hz2/26hz2_SLRM_clip.tif
"POLYGON ((179197.5 481261.0,179212.5 481261.0,179212.5 481247.5,179197.5 481247.5,179197.5 481261.0))",100,charcoal_kiln,LiDAR files/26hz2/26hz2_SLRM_clip.tif
"POLYGON ((179172.5 481298.0,179187.5 481298.0,179187.5 481283.0,179172.5 481283.0,179172.5 481298.0))",100,charcoal_kiln,LiDAR files/26hz2/26hz2_SLRM_clip.tif
"POLYGON ((179183 481306,179197.5 481306.0,179197.5 481290.0,179183 481290,179183 481306))",100,charcoal_kiln,LiDAR files/26hz2/26hz2_SLRM_clip.tif
"POLYGON ((189570.5 472653.0,189585 472653,189585 472639,189570.5 472639.0,189570.5 472653.0))",100,charcoal_kiln,LiDAR files/33an2/33an2_SLRM_clip.tif
"POLYGON ((189552.5 472653.0,189566.5 472653.0,189566.5 472639.0,189552.5 472639.0,189552.5 472653.0))",100,charcoal_kiln,LiDAR files/33an2/33an2_SLRM_clip.tif
"POLYGON ((189588.0 472652.5,189601.5 472652.5,189601.5 472639.0,189588 472639,189588.0 472652.5))",100,charcoal_kiln,LiDAR files/33an2/33an2_SLRM_clip.tif
"POLYGON ((189567.5 472683.0,189580.5 472683.0,189580.5 472669.0,189567.5 472669.0,189567.5 472683.0))",100,charcoal_kiln,LiDAR files/33an2/33an2_SLRM_clip.tif
"POLYGON ((189548.0 472676.5,189563.5 472676.5,189563.5 472660.5,189548.0 472660.5,189548.0 472676.5))",100,charcoal_kiln,LiDAR files/33an2/33an2_SLRM_clip.tif
"POLYGON ((179935 476967,179946.5 476967.0,179946.5 476955.5,179935.0 476955.5,179935 476967))",100,charcoal_kiln,LiDAR files/26hz2/26hz2_SLRM_clip.tif
"POLYGON ((179940.0 476973.5,179953.0 476973.5,179953.0 476961.5,179940.0 476961.5,179940.0 476973.5))",100,charcoal_kiln,LiDAR files/26hz2/26hz2_SLRM_clip.tif
"POLYGON ((176739 479379,176753 479379,176753 479364,176739 479364,176739 479379))",100,charcoal_kiln,LiDAR files/26hz2/26hz2_SLRM_clip.tif
"POLYGON ((177812.0 483096.5,177827.5 483096.5,177827.5 483081.5,177812.0 483081.5,177812.0 483096.5))",100,charcoal_kiln,LiDAR files/26hn2/26hn2_SLRM_clip.tif
"POLYGON ((177829 483084,177844 483084,177844.0 483069.5,177829.0 483069.5,177829 483084))",100,charcoal_kiln,LiDAR files/26hn2/26hn2_SLRM_clip.tif
"POLYGON ((189590 472179,189605.5 472179.0,189605.5 472164.0,189590 472164,189590 472179))",100,charcoal_kiln,LiDAR files/33an2/33an2_SLRM_clip.tif
"POLYGON ((189579 472194,189594 472194,189594 472179,189579 472179,189579 472194))",100,charcoal_kiln,LiDAR files/33an2/33an2_SLRM_clip.tif
"POLYGON ((189576.5 472215.0,189592 472215,189592 472199,189576.5 472199.0,189576.5 472215.0))",100,charcoal_kiln,LiDAR files/33an2/33an2_SLRM_clip.tif
"POLYGON ((189573 472229,189588.5 472229.0,189588.5 472215.5,189573.0 472215.5,189573 472229))",100,charcoal_kiln,LiDAR files/33an2/33an2_SLRM_clip.tif
"POLYGON ((189560.5 472278.5,189577.5 472278.5,189577.5 472262.5,189560.5 472262.5,189560.5 472278.5))",100,charcoal_kiln,LiDAR files/33an2/33an2_SLRM_clip.tif
"POLYGON ((177512.5 482601.5,177531.5 482601.5,177531.5 482584.5,177512.5 482584.5,177512.5 482601.5))",100,charcoal_kiln,LiDAR files/26hn2/26hn2_SLRM_clip.tif
"POLYGON ((178175.5 480670.0,178192 480670,178192 480653,178175.5 480653.0,178175.5 480670.0))",100,charcoal_kiln,LiDAR files/26hz2/26hz2_SLRM_clip.tif
"POLYGON ((178252.0 480839.5,178269.0 480839.5,178269 480827,178252 480827,178252.0 480839.5))",100,charcoal_kiln,LiDAR files/26hz2/26hz2_SLRM_clip.tif
"POLYGON ((178266.5 480839.5,178282.0 480839.5,178282 480828,178266.5 480828.0,178266.5 480839.5))",100,charcoal_kiln,LiDAR files/26hz2/26hz2_SLRM_clip.tif
"POLYGON ((177094 481136,177109.5 481136.0,177109.5 481120.0,177094 481120,177094 481136))",100,charcoal_kiln,LiDAR files/26hz2/26hz2_SLRM_clip.tif
"POLYGON ((176485 481240,176502 481240,176502 481224,176485 481224,176485 481240))",100,charcoal_kiln,LiDAR files/26hz2/26hz2_SLRM_clip.tif
"POLYGON ((176503.5 481216.0,176523 481216,176523 481198,176503.5 481198.0,176503.5 481216.0))",100,charcoal_kiln,LiDAR files/26hz2/26hz2_SLRM_clip.tif
"POLYGON ((176504 481198,176522.5 481198.0,176522.5 481179.5,176504.0 481179.5,176504 481198))",100,charcoal_kiln,LiDAR files/26hz2/26hz2_SLRM_clip.tif
"POLYGON ((176485.5 481219.5,176501.5 481219.5,176501.5 481203.5,176485.5 481203.5,176485.5 481219.5))",100,charcoal_kiln,LiDAR files/26hz2/26hz2_SLRM_clip.tif
"POLYGON ((176160 481145,176175.5 481145.0,176175.5 481129.0,176160 481129,176160 481145))",100,charcoal_kiln,LiDAR files/26hz2/26hz2_SLRM_clip.tif
"POLYGON ((176180.5 480608.0,176195 480608,176195.0 480593.5,176180.5 480593.5,176180.5 480608.0))",100,charcoal_kiln,LiDAR files/26hz2/26hz2_SLRM_clip.tif
"POLYGON ((176186.5 480593.0,176199.5 480593.0,176199.5 480578.5,176186.5 480578.5,176186.5 480593.0))",100,charcoal_kiln,LiDAR files/26hz2/26hz2_SLRM_clip.tif
"POLYGON ((176306.0 480639.5,176320.5 480639.5,176320.5 480623.0,176306 480623,176306.0 480639.5))",100,charcoal_kiln,LiDAR files/26hz2/26hz2_SLRM_clip.tif
"POLYGON ((176230 480675,176245 480675,176245.0 480659.5,176230.0 480659.5,176230 480675))",100,charcoal_kiln,LiDAR files/26hz2/26hz2_SLRM_clip.tif
"POLYGON ((176287.0 480702.5,176301.5 480702.5,176301.5 480688.0,176287 480688,176287.0 480702.5))",100,charcoal_kiln,LiDAR files/26hz2/26hz2_SLRM_clip.tif
"POLYGON ((177293 482669,177306.5 482669.0,177306.5 482654.5,177293.0 482654.5,177293 482669))",100,charcoal_kiln,LiDAR files/26hn2/26hn2_SLRM_clip.tif
"POLYGON ((179560.5 480314.0,179576 480314,179576.0 480298.5,179560.5 480298.5,179560.5 480314.0))",100,charcoal_kiln,LiDAR files/26hz2/26hz2_SLRM_clip.tif
"POLYGON ((179490 480306,179505.5 480306.0,179505.5 480293.0,179490 480293,179490 480306))",100,charcoal_kiln,LiDAR files/26hz2/26hz2_SLRM_clip.tif
"POLYGON ((179497.0 480299.5,179511.5 480299.5,179511.5 480284.5,179497.0 480284.5,179497.0 480299.5))",100,charcoal_kiln,LiDAR files/26hz2/26hz2_SLRM_clip.tif
"POLYGON ((178835.5 482235.5,178850.0 482235.5,178850.0 482220.5,178835.5 482220.5,178835.5 482235.5))",100,charcoal_kiln,LiDAR files/26hn2/26hn2_SLRM_clip.tif
"POLYGON ((178847.5 482238.0,178862.5 482238.0,178862.5 482221.5,178847.5 482221.5,178847.5 482238.0))",100,charcoal_kiln,LiDAR files/26hn2/26hn2_SLRM_clip.tif
"POLYGON ((178859.0 482232.5,178873.5 482232.5,178873.5 482218.0,178859 482218,178859.0 482232.5))",100,charcoal_kiln,LiDAR files/26hn2/26hn2_SLRM_clip.tif
"POLYGON ((178870.5 482231.5,178885.5 482231.5,178885.5 482217.5,178870.5 482217.5,178870.5 482231.5))",100,charcoal_kiln,LiDAR files/26hn2/26hn2_SLRM_clip.tif
"POLYGON ((178881.0 482226.5,178896.0 482226.5,178896 482212,178881 482212,178881.0 482226.5))",100,charcoal_kiln,LiDAR files/26hn2/26hn2_SLRM_clip.tif
"POLYGON ((195594.0 453567.5,195607.0 453567.5,195607.0 453555.5,195594.0 453555.5,195594.0 453567.5))",100,charcoal_kiln,LiDAR files/33dz2/33dz2_SLRM_clip.tif
"POLYGON ((188099.5 472306.5,188114.5 472306.5,188114.5 472293.0,188099.5 472293.0,188099.5 472306.5))",100,charcoal_kiln,LiDAR files/33an2/33an2_SLRM_clip.tif
"POLYGON ((188099 472290,188112.5 472290.0,188112.5 472277.5,188099.0 472277.5,188099 472290))",100,charcoal_kiln,LiDAR files/33an2/33an2_SLRM_clip.tif
"POLYGON ((188118 472302,188133 472302,188133 472289,188118 472289,188118 472302))",100,charcoal_kiln,LiDAR files/33an2/33an2_SLRM_clip.tif
"POLYGON ((188122.0 472285.5,188134.5 472285.5,188134.5 472275.0,188122 472275,188122.0 472285.5))",100,charcoal_kiln,LiDAR files/33an2/33an2_SLRM_clip.tif
"POLYGON ((188110.0 472275.5,188123.5 472275.5,188123.5 472263.5,188110.0 472263.5,188110.0 472275.5))",100,charcoal_kiln,LiDAR files/33an2/33an2_SLRM_clip.tif
"POLYGON ((188113.5 472285.0,188124 472285,188124 472275,188113.5 472275.0,188113.5 472285.0))",100,charcoal_kiln,LiDAR files/33an2/33an2_SLRM_clip.tif
"POLYGON ((188196.0 472220.5,188210.0 472220.5,188210.0 472205.5,188196.0 472205.5,188196.0 472220.5))",100,charcoal_kiln,LiDAR files/33an2/33an2_SLRM_clip.tif
"POLYGON ((188228.0 472174.5,188242.5 472174.5,188242.5 472160.5,188228.0 472160.5,188228.0 472174.5))",100,charcoal_kiln,LiDAR files/33an2/33an2_SLRM_clip.tif
"POLYGON ((178464.5 478094.0,178479 478094,178479.0 478079.5,178464.5 478079.5,178464.5 478094.0))",100,charcoal_kiln,LiDAR files/26hz2/26hz2_SLRM_clip.tif
"POLYGON ((178453.0 478090.5,178467.5 478090.5,178467.5 478075.0,178453 478075,178453.0 478090.5))",100,charcoal_kiln,LiDAR files/26hz2/26hz2_SLRM_clip.tif
"POLYGON ((196714 452535,196725.5 452535.0,196725.5 452526.0,196714 452526,196714 452535))",100,charcoal_kiln,LiDAR files/33dz2/33dz2_SLRM_clip.tif
"POLYGON ((178244.0 482121.5,178259.0 482121.5,178259 482106,178244 482106,178244.0 482121.5))",100,charcoal_kiln,LiDAR files/26hn2/26hn2_SLRM_clip.tif
"POLYGON ((178253.5 482129.5,178268.0 482129.5,178268.0 482114.5,178253.5 482114.5,178253.5 482129.5))",100,charcoal_kiln,LiDAR files/26hn2/26hn2_SLRM_clip.tif
"POLYGON ((178248 482143,178265.5 482143.0,178265.5 482126.5,178248.0 482126.5,178248 482143))",100,charcoal_kiln,LiDAR files/26hn2/26hn2_SLRM_clip.tif
"POLYGON ((176159.5 481145.5,176175.5 481145.5,176175.5 481130.5,176159.5 481130.5,176159.5 481145.5))",100,charcoal_kiln,LiDAR files/26hz2/26hz2_SLRM_clip.tif
"POLYGON ((178449.0 480696.5,178464.0 480696.5,178464 480682,178449 480682,178449.0 480696.5))",100,charcoal_kiln,LiDAR files/26hz2/26hz2_SLRM_clip.tif
"POLYGON ((178368.0 480726.5,178383.0 480726.5,178383.0 480711.5,178368.0 480711.5,178368.0 480726.5))",100,charcoal_kiln,LiDAR files/26hz2/26hz2_SLRM_clip.tif
"POLYGON ((178356.5 480722.5,178371.5 480722.5,178371.5 480707.0,178356.5 480707.0,178356.5 480722.5))",100,charcoal_kiln,LiDAR files/26hz2/26hz2_SLRM_clip.tif
"POLYGON ((178480.5 480679.0,178494 480679,178494 480666,178480.5 480666.0,178480.5 480679.0))",100,charcoal_kiln,LiDAR files/26hz2/26hz2_SLRM_clip.tif
"POLYGON ((178483.5 480646.5,178498.0 480646.5,178498 480631,178483.5 480631.0,178483.5 480646.5))",100,charcoal_kiln,LiDAR files/26hz2/26hz2_SLRM_clip.tif
"POLYGON ((178442.0 480573.5,178457.0 480573.5,178457 480559,178442 480559,178442.0 480573.5))",100,charcoal_kiln,LiDAR files/26hz2/26hz2_SLRM_clip.tif
"POLYGON ((178432.0 480566.5,178446.0 480566.5,178446 480551,178432 480551,178432.0 480566.5))",100,charcoal_kiln,LiDAR files/26hz2/26hz2_SLRM_clip.tif
"POLYGON ((178423 480561,178437 480561,178437.0 480545.5,178423.0 480545.5,178423 480561))",100,charcoal_kiln,LiDAR files/26hz2/26hz2_SLRM_clip.tif
"POLYGON ((177096.0 481134.5,177109.5 481134.5,177109.5 481119.0,177096 481119,177096.0 481134.5))",100,charcoal_kiln,LiDAR files/26hz2/26hz2_SLRM_clip.tif
"POLYGON ((178684.5 480584.5,178700.0 480584.5,178700 480569,178684.5 480569.0,178684.5 480584.5))",100,charcoal_kiln,LiDAR files/26hz2/26hz2_SLRM_clip.tif
"POLYGON ((178870.5 480660.5,178885.5 480660.5,178885.5 480646.5,178870.5 480646.5,178870.5 480660.5))",100,charcoal_kiln,LiDAR files/26hz2/26hz2_SLRM_clip.tif
"POLYGON ((176485.0 481240.5,176502.5 481240.5,176502.5 481223.5,176485.0 481223.5,176485.0 481240.5))",100,charcoal_kiln,LiDAR files/26hz2/26hz2_SLRM_clip.tif
"POLYGON ((176502.5 481216.5,176524.0 481216.5,176524.0 481196.5,176502.5 481196.5,176502.5 481216.5))",100,charcoal_kiln,LiDAR files/26hz2/26hz2_SLRM_clip.tif
"POLYGON ((176502.0 481199.5,176523.5 481199.5,176523.5 481179.5,176502.0 481179.5,176502.0 481199.5))",100,charcoal_kiln,LiDAR files/26hz2/26hz2_SLRM_clip.tif
"POLYGON ((176442.5 481301.5,176458.0 481301.5,176458 481285,176442.5 481285.0,176442.5 481301.5))",100,charcoal_kiln,LiDAR files/26hz2/26hz2_SLRM_clip.tif
"POLYGON ((176485.5 481220.0,176502.5 481220.0,176502.5 481203.0,176485.5 481203.0,176485.5 481220.0))",100,charcoal_kiln,LiDAR files/26hz2/26hz2_SLRM_clip.tif
"POLYGON ((187373.5 472077.0,187389.5 472077.0,187389.5 472062.5,187373.5 472062.5,187373.5 472077.0))",100,charcoal_kiln,LiDAR files/33an2/33an2_SLRM_clip.tif
"POLYGON ((187318.5 472087.5,187335.0 472087.5,187335 472071,187318.5 472071.0,187318.5 472087.5))",100,charcoal_kiln,LiDAR files/33an2/33an2_SLRM_clip.tif
"POLYGON ((187345.0 472110.5,187362.0 472110.5,187362.0 472093.5,187345.0 472093.5,187345.0 472110.5))",100,charcoal_kiln,LiDAR files/33an2/33an2_SLRM_clip.tif
"POLYGON ((187369.5 472111.5,187386.0 472111.5,187386.0 472093.5,187369.5 472093.5,187369.5 472111.5))",100,charcoal_kiln,LiDAR files/33an2/33an2_SLRM_clip.tif
"POLYGON ((187370.5 472128.5,187388.0 472128.5,187388.0 472110.5,187370.5 472110.5,187370.5 472128.5))",100,charcoal_kiln,LiDAR files/33an2/33an2_SLRM_clip.tif
"POLYGON ((187353.5 472127.5,187369.5 472127.5,187369.5 472112.5,187353.5 472112.5,187353.5 472127.5))",100,charcoal_kiln,LiDAR files/33an2/33an2_SLRM_clip.tif
"POLYGON ((187360.5 472144.5,187378.0 472144.5,187378.0 472128.5,187360.5 472128.5,187360.5 472144.5))",100,charcoal_kiln,LiDAR files/33an2/33an2_SLRM_clip.tif
"POLYGON ((187336.5 472145.0,187355 472145,187355.0 472127.5,187336.5 472127.5,187336.5 472145.0))",100,charcoal_kiln,LiDAR files/33an2/33an2_SLRM_clip.tif
"POLYGON ((187333 472125,187349.5 472125.0,187349.5 472107.0,187333 472107,187333 472125))",100,charcoal_kiln,LiDAR files/33an2/33an2_SLRM_clip.tif
"POLYGON ((187365.5 472164.0,187380.5 472164.0,187380.5 472149.0,187365.5 472149.0,187365.5 472164.0))",100,charcoal_kiln,LiDAR files/33an2/33an2_SLRM_clip.tif
"POLYGON ((170480.5 477197.5,170491.0 477197.5,170491.0 477186.5,170480.5 477186.5,170480.5 477197.5))",100,charcoal_kiln,LiDAR files/26hz1/26hz1_SLRM_clip.tif
"POLYGON ((183683.5 475389.0,183699.5 475389.0,183699.5 475376.0,183683.5 475376.0,183683.5 475389.0))",100,charcoal_kiln,LiDAR files/27cz1/27cz1_SLRM_clip.tif
"POLYGON ((178708.5 448645.0,178724.5 448645.0,178724.5 448628.5,178708.5 448628.5,178708.5 448645.0))",100,charcoal_kiln,LiDAR files/39fn2/39fn2_SLRM_clip.tif
"POLYGON ((178853.5 448495.0,178867 448495,178867 448479,178853.5 448479.0,178853.5 448495.0))",100,charcoal_kiln,LiDAR files/39fn2/39fn2_SLRM_clip.tif
"POLYGON ((177170.5 483669.5,177186.0 483669.5,177186 483655,177170.5 483655.0,177170.5 483669.5))",100,charcoal_kiln,LiDAR files/26hn2/26hn2_SLRM_clip.tif
"POLYGON ((177180.5 483667.5,177195.0 483667.5,177195 483655,177180.5 483655.0,177180.5 483667.5))",100,charcoal_kiln,LiDAR files/26hn2/26hn2_SLRM_clip.tif
"POLYGON ((177170.5 483669.5,177186.0 483669.5,177186.0 483652.5,177170.5 483652.5,177170.5 483669.5))",100,charcoal_kiln,LiDAR files/26hn2/26hn2_SLRM_clip.tif
"POLYGON ((177180.0 483667.5,177195.0 483667.5,177195.0 483651.5,177180.0 483651.5,177180.0 483667.5))",100,charcoal_kiln,LiDAR files/26hn2/26hn2_SLRM_clip.tif
"POLYGON ((197696 455371,197712 455371,197712.0 455357.5,197696.0 455357.5,197696 455371))",100,charcoal_kiln,LiDAR files/33dz2/33dz2_SLRM_clip.tif
"POLYGON ((176757.5 482094.0,176775.5 482094.0,176775.5 482076.5,176757.5 482076.5,176757.5 482094.0))",100,charcoal_kiln,LiDAR files/26hn2/26hn2_SLRM_clip.tif
"POLYGON ((175752 482342,175769.5 482342.0,175769.5 482324.0,175752 482324,175752 482342))",100,charcoal_kiln,LiDAR files/26hn2/26hn2_SLRM_clip.tif
"POLYGON ((177818 480965,177834 480965,177834.0 480949.5,177818.0 480949.5,177818 480965))",100,charcoal_kiln,LiDAR files/26hz2/26hz2_SLRM_clip.tif
"POLYGON ((177972 481075,177986.5 481075.0,177986.5 481060.5,177972.0 481060.5,177972 481075))",100,charcoal_kiln,LiDAR files/26hz2/26hz2_SLRM_clip.tif
"POLYGON ((177516.5 481403.0,177530.5 481403.0,177530.5 481389.0,177516.5 481389.0,177516.5 481403.0))",100,charcoal_kiln,LiDAR files/26hz2/26hz2_SLRM_clip.tif
"POLYGON ((177756 481127,177772 481127,177772.0 481111.5,177756.0 481111.5,177756 481127))",100,charcoal_kiln,LiDAR files/26hz2/26hz2_SLRM_clip.tif
"POLYGON ((175908 480832,175923 480832,175923.0 480816.5,175908.0 480816.5,175908 480832))",100,charcoal_kiln,LiDAR files/26hz2/26hz2_SLRM_clip.tif
"POLYGON ((178958.5 481151.5,178972.5 481151.5,178972.5 481137.5,178958.5 481137.5,178958.5 481151.5))",100,charcoal_kiln,LiDAR files/26hz2/26hz2_SLRM_clip.tif
"POLYGON ((178968.5 481144.5,178983.5 481144.5,178983.5 481129.0,178968.5 481129.0,178968.5 481144.5))",100,charcoal_kiln,LiDAR files/26hz2/26hz2_SLRM_clip.tif
"POLYGON ((179191.5 481220.5,179206.5 481220.5,179206.5 481205.0,179191.5 481205.0,179191.5 481220.5))",100,charcoal_kiln,LiDAR files/26hz2/26hz2_SLRM_clip.tif
"POLYGON ((179172.5 481299.0,179186.5 481299.0,179186.5 481283.5,179172.5 481283.5,179172.5 481299.0))",100,charcoal_kiln,LiDAR files/26hz2/26hz2_SLRM_clip.tif
"POLYGON ((179199 481262,179212.5 481262.0,179212.5 481247.0,179199 481247,179199 481262))",100,charcoal_kiln,LiDAR files/26hz2/26hz2_SLRM_clip.tif
"POLYGON ((177316 481172,177329.5 481172.0,177329.5 481157.5,177316.0 481157.5,177316 481172))",100,charcoal_kiln,LiDAR files/26hz2/26hz2_SLRM_clip.tif
"POLYGON ((177308.5 481165.5,177322.0 481165.5,177322.0 481150.5,177308.5 481150.5,177308.5 481165.5))",100,charcoal_kiln,LiDAR files/26hz2/26hz2_SLRM_clip.tif
"POLYGON ((177252.5 481137.5,177267.0 481137.5,177267.0 481123.5,177252.5 481123.5,177252.5 481137.5))",100,charcoal_kiln,LiDAR files/26hz2/26hz2_SLRM_clip.tif
"POLYGON ((177248.5 481152.0,177263 481152,177263.0 481136.5,177248.5 481136.5,177248.5 481152.0))",100,charcoal_kiln,LiDAR files/26hz2/26hz2_SLRM_clip.tif
"POLYGON ((177240.5 481136.0,177253.5 481136.0,177253.5 481120.0,177240.5 481120.0,177240.5 481136.0))",100,charcoal_kiln,LiDAR files/26hz2/26hz2_SLRM_clip.tif
"POLYGON ((175580.5 480779.5,175598.0 480779.5,175598.0 480763.5,175580.5 480763.5,175580.5 480779.5))",100,charcoal_kiln,LiDAR files/26hz2/26hz2_SLRM_clip.tif
"POLYGON ((175757.0 480781.5,175771.5 480781.5,175771.5 480766.0,175757 480766,175757.0 480781.5))",100,charcoal_kiln,LiDAR files/26hz2/26hz2_SLRM_clip.tif
"POLYGON ((178253.5 480843.0,178269 480843,178269 480826,178253.5 480826.0,178253.5 480843.0))",100,charcoal_kiln,LiDAR files/26hz2/26hz2_SLRM_clip.tif
"POLYGON ((178268 480843,178282 480843,178282.0 480828.5,178268.0 480828.5,178268 480843))",100,charcoal_kiln,LiDAR files/26hz2/26hz2_SLRM_clip.tif
"POLYGON ((178919.0 481836.5,178932.5 481836.5,178932.5 481818.0,178919 481818,178919.0 481836.5))",100,charcoal_kiln,LiDAR files/26hn2/26hn2_SLRM_clip.tif
"POLYGON ((178655.5 481955.5,178670.5 481955.5,178670.5 481941.0,178655.5 481941.0,178655.5 481955.5))",100,charcoal_kiln,LiDAR files/26hn2/26hn2_SLRM_clip.tif
"POLYGON ((177192 482077,177210.5 482077.0,177210.5 482059.5,177192.0 482059.5,177192 482077))",100,charcoal_kiln,LiDAR files/26hn2/26hn2_SLRM_clip.tif
"POLYGON ((177174 482076,177191 482076,177191.0 482058.5,177174.0 482058.5,177174 482076))",100,charcoal_kiln,LiDAR files/26hn2/26hn2_SLRM_clip.tif
"POLYGON ((177183.5 482059.0,177200 482059,177200.0 482042.5,177183.5 482042.5,177183.5 482059.0))",100,charcoal_kiln,LiDAR files/26hn2/26hn2_SLRM_clip.tif
"POLYGON ((177166 482063,177181 482063,177181.0 482048.5,177166.0 482048.5,177166 482063))",100,charcoal_kiln,LiDAR files/26hn2/26hn2_SLRM_clip.tif
"POLYGON ((177142.5 482059.5,177158.5 482059.5,177158.5 482041.5,177142.5 482041.5,177142.5 482059.5))",100,charcoal_kiln,LiDAR files/26hn2/26hn2_SLRM_clip.tif
"POLYGON ((177132 482066,177147 482066,177147 482050,177132 482050,177132 482066))",100,charcoal_kiln,LiDAR files/26hn2/26hn2_SLRM_clip.tif
"POLYGON ((177206.5 482106.5,177221.0 482106.5,177221 482091,177206.5 482091.0,177206.5 482106.5))",100,charcoal_kiln,LiDAR files/26hn2/26hn2_SLRM_clip.tif
"POLYGON ((177125.5 482126.5,177141.5 482126.5,177141.5 482111.0,177125.5 482111.0,177125.5 482126.5))",100,charcoal_kiln,LiDAR files/26hn2/26hn2_SLRM_clip.tif
"POLYGON ((177103 482153,177119 482153,177119.0 482137.5,177103.0 482137.5,177103 482153))",100,charcoal_kiln,LiDAR files/26hn2/26hn2_SLRM_clip.tif
"POLYGON ((177093.5 482142.0,177110 482142,177110.0 482126.5,177093.5 482126.5,177093.5 482142.0))",100,charcoal_kiln,LiDAR files/26hn2/26hn2_SLRM_clip.tif
"POLYGON ((177085 482133,177100 482133,177100.0 482118.5,177085.0 482118.5,177085 482133))",100,charcoal_kiln,LiDAR files/26hn2/26hn2_SLRM_clip.tif
"POLYGON ((177085 482120,177102.5 482120.0,177102.5 482104.0,177085 482104,177085 482120))",100,charcoal_kiln,LiDAR files/26hn2/26hn2_SLRM_clip.tif
"POLYGON ((177083 482100,177098.5 482100.0,177098.5 482084.5,177083.0 482084.5,177083 482100))",100,charcoal_kiln,LiDAR files/26hn2/26hn2_SLRM_clip.tif
"POLYGON ((177064 482133,177082 482133,177082 482116,177064 482116,177064 482133))",100,charcoal_kiln,LiDAR files/26hn2/26hn2_SLRM_clip.tif
"POLYGON ((177087 482087,177103 482087,177103 482073,177087 482073,177087 482087))",100,charcoal_kiln,LiDAR files/26hn2/26hn2_SLRM_clip.tif
"POLYGON ((176482.5 482440.5,176498.5 482440.5,176498.5 482423.5,176482.5 482423.5,176482.5 482440.5))",100,charcoal_kiln,LiDAR files/26hn2/26hn2_SLRM_clip.tif
"POLYGON ((176488.5 482422.0,176504 482422,176504 482406,176488.5 482406.0,176488.5 482422.0))",100,charcoal_kiln,LiDAR files/26hn2/26hn2_SLRM_clip.tif
"POLYGON ((177715.5 482092.0,177732.5 482092.0,177732.5 482075.5,177715.5 482075.5,177715.5 482092.0))",100,charcoal_kiln,LiDAR files/26hn2/26hn2_SLRM_clip.tif
"POLYGON ((178038.0 481150.5,178054.0 481150.5,178054.0 481135.5,178038.0 481135.5,178038.0 481150.5))",100,charcoal_kiln,LiDAR files/26hz2/26hz2_SLRM_clip.tif
"POLYGON ((178049 481151,178066 481151,178066 481135,178049 481135,178049 481151))",100,charcoal_kiln,LiDAR files/26hz2/26hz2_SLRM_clip.tif
"POLYGON ((178060.5 481154.5,178077.5 481154.5,178077.5 481135.0,178060.5 481135.0,178060.5 481154.5))",100,charcoal_kiln,LiDAR files/26hz2/26hz2_SLRM_clip.tif
"POLYGON ((175036 481252,175047.5 481252.0,175047.5 481239.0,175036 481239,175036 481252))",100,charcoal_kiln,LiDAR files/26hz1/26hz1_SLRM_clip.tif
"POLYGON ((175047.5 481246.5,175060.5 481246.5,175060.5 481233.0,175047.5 481233.0,175047.5 481246.5))",100,charcoal_kiln,LiDAR files/26hz1/26hz1_SLRM_clip.tif
"POLYGON ((176974 480285,176990 480285,176990.0 480269.5,176974.0 480269.5,176974 480285))",100,charcoal_kiln,LiDAR files/26hz2/26hz2_SLRM_clip.tif
"POLYGON ((175424.5 480833.5,175437.5 480833.5,175437.5 480819.0,175424.5 480819.0,175424.5 480833.5))",100,charcoal_kiln,LiDAR files/26hz2/26hz2_SLRM_clip.tif
"POLYGON ((175385.5 480829.0,175398.5 480829.0,175398.5 480816.0,175385.5 480816.0,175385.5 480829.0))",100,charcoal_kiln,LiDAR files/26hz2/26hz2_SLRM_clip.tif
"POLYGON ((178095.5 481159.5,178111.0 481159.5,178111.0 481141.5,178095.5 481141.5,178095.5 481159.5))",100,charcoal_kiln,LiDAR files/26hz2/26hz2_SLRM_clip.tif
"POLYGON ((178083.5 481156.5,178098.5 481156.5,178098.5 481140.5,178083.5 481140.5,178083.5 481156.5))",100,charcoal_kiln,LiDAR files/26hz2/26hz2_SLRM_clip.tif
"POLYGON ((178072 481154,178089 481154,178089.0 481138.5,178072.0 481138.5,178072 481154))",100,charcoal_kiln,LiDAR files/26hz2/26hz2_SLRM_clip.tif
"POLYGON ((178063.5 481152.0,178078 481152,178078.0 481137.5,178063.5 481137.5,178063.5 481152.0))",100,charcoal_kiln,LiDAR files/26hz2/26hz2_SLRM_clip.tif
"POLYGON ((178227.5 481339.5,178244.5 481339.5,178244.5 481324.0,178227.5 481324.0,178227.5 481339.5))",100,charcoal_kiln,LiDAR files/26hz2/26hz2_SLRM_clip.tif
"POLYGON ((179241 480683,179256.5 480683.0,179256.5 480666.5,179241.0 480666.5,179241 480683))",100,charcoal_kiln,LiDAR files/26hz2/26hz2_SLRM_clip.tif
"POLYGON ((179258 480647,179272.5 480647.0,179272.5 480632.5,179258.0 480632.5,179258 480647))",100,charcoal_kiln,LiDAR files/26hz2/26hz2_SLRM_clip.tif
"POLYGON ((179271.0 480650.5,179287.0 480650.5,179287.0 480635.5,179271.0 480635.5,179271.0 480650.5))",100,charcoal_kiln,LiDAR files/26hz2/26hz2_SLRM_clip.tif
"POLYGON ((179235.5 480673.0,179251.5 480673.0,179251.5 480657.0,179235.5 480657.0,179235.5 480673.0))",100,charcoal_kiln,LiDAR files/26hz2/26hz2_SLRM_clip.tif
"POLYGON ((179225.5 480657.5,179242.5 480657.5,179242.5 480641.0,179225.5 480641.0,179225.5 480657.5))",100,charcoal_kiln,LiDAR files/26hz2/26hz2_SLRM_clip.tif
"POLYGON ((177208.5 482106.5,177222.0 482106.5,177222 482091,177208.5 482091.0,177208.5 482106.5))",100,charcoal_kiln,LiDAR files/26hn2/26hn2_SLRM_clip.tif
"POLYGON ((177276 482048,177292 482048,177292.0 482032.5,177276.0 482032.5,177276 482048))",100,charcoal_kiln,LiDAR files/26hn2/26hn2_SLRM_clip.tif
"POLYGON ((177309 482097,177323.5 482097.0,177323.5 482082.5,177309.0 482082.5,177309 482097))",100,charcoal_kiln,LiDAR files/26hn2/26hn2_SLRM_clip.tif
"POLYGON ((177336 482110,177351 482110,177351 482095,177336 482095,177336 482110))",100,charcoal_kiln,LiDAR files/26hn2/26hn2_SLRM_clip.tif
"POLYGON ((177399.5 482138.5,177415.0 482138.5,177415.0 482123.5,177399.5 482123.5,177399.5 482138.5))",100,charcoal_kiln,LiDAR files/26hn2/26hn2_SLRM_clip.tif
"POLYGON ((177397.5 482039.0,177412.5 482039.0,177412.5 482023.0,177397.5 482023.0,177397.5 482039.0))",100,charcoal_kiln,LiDAR files/26hn2/26hn2_SLRM_clip.tif
"POLYGON ((177406.5 482034.5,177421.5 482034.5,177421.5 482018.0,177406.5 482018.0,177406.5 482034.5))",100,charcoal_kiln,LiDAR files/26hn2/26hn2_SLRM_clip.tif
"POLYGON ((177386 481999,177400 481999,177400.0 481984.5,177386.0 481984.5,177386 481999))",100,charcoal_kiln,LiDAR files/26hn2/26hn2_SLRM_clip.tif
"POLYGON ((177402.5 481961.0,177418.5 481961.0,177418.5 481945.5,177402.5 481945.5,177402.5 481961.0))",100,charcoal_kiln,LiDAR files/26hn2/26hn2_SLRM_clip.tif
"POLYGON ((177226.0 482017.5,177242.5 482017.5,177242.5 482002.0,177226 482002,177226.0 482017.5))",100,charcoal_kiln,LiDAR files/26hn2/26hn2_SLRM_clip.tif
"POLYGON ((177304.5 482154.0,177321 482154,177321 482138,177304.5 482138.0,177304.5 482154.0))",100,charcoal_kiln,LiDAR files/26hn2/26hn2_SLRM_clip.tif
"POLYGON ((177348.5 482183.0,177364.5 482183.0,177364.5 482167.5,177348.5 482167.5,177348.5 482183.0))",100,charcoal_kiln,LiDAR files/26hn2/26hn2_SLRM_clip.tif
"POLYGON ((176288 482315,176303 482315,176303.0 482298.5,176288.0 482298.5,176288 482315))",100,charcoal_kiln,LiDAR files/26hn2/26hn2_SLRM_clip.tif
"POLYGON ((176219 482274,176236 482274,176236 482258,176219 482258,176219 482274))",100,charcoal_kiln,LiDAR files/26hn2/26hn2_SLRM_clip.tif
"POLYGON ((176149.5 482386.5,176165.0 482386.5,176165 482372,176149.5 482372.0,176149.5 482386.5))",100,charcoal_kiln,LiDAR files/26hn2/26hn2_SLRM_clip.tif
"POLYGON ((196679.5 452726.0,196693 452726,196693.0 452712.5,196679.5 452712.5,196679.5 452726.0))",100,charcoal_kiln,LiDAR files/33dz2/33dz2_SLRM_clip.tif
"POLYGON ((196715.5 452751.5,196727.5 452751.5,196727.5 452739.0,196715.5 452739.0,196715.5 452751.5))",100,charcoal_kiln,LiDAR files/33dz2/33dz2_SLRM_clip.tif
"POLYGON ((196746.5 452742.0,196759 452742,196759 452728,196746.5 452728.0,196746.5 452742.0))",100,charcoal_kiln,LiDAR files/33dz2/33dz2_SLRM_clip.tif
"POLYGON ((196735.5 452815.0,196749 452815,196749 452801,196735.5 452801.0,196735.5 452815.0))",100,charcoal_kiln,LiDAR files/33dz2/33dz2_SLRM_clip.tif
"POLYGON ((196785.5 452799.0,196798.5 452799.0,196798.5 452785.0,196785.5 452785.0,196785.5 452799.0))",100,charcoal_kiln,LiDAR files/33dz2/33dz2_SLRM_clip.tif
"POLYGON ((196782.5 452846.0,196797.5 452846.0,196797.5 452832.0,196782.5 452832.0,196782.5 452846.0))",100,charcoal_kiln,LiDAR files/33dz2/33dz2_SLRM_clip.tif
"POLYGON ((196705.5 452781.0,196717.5 452781.0,196717.5 452770.0,196705.5 452770.0,196705.5 452781.0))",100,charcoal_kiln,LiDAR files/33dz2/33dz2_SLRM_clip.tif
"POLYGON ((175988.0 483669.5,176004.0 483669.5,176004.0 483658.5,175988.0 483658.5,175988.0 483669.5))",100,charcoal_kiln,LiDAR files/26hn2/26hn2_SLRM_clip.tif
"POLYGON ((175944.5 483424.5,175961.5 483424.5,175961.5 483408.5,175944.5 483408.5,175944.5 483424.5))",100,charcoal_kiln,LiDAR files/26hn2/26hn2_SLRM_clip.tif
"POLYGON ((175936.5 483433.5,175956.0 483433.5,175956 483417,175936.5 483417.0,175936.5 483433.5))",100,charcoal_kiln,LiDAR files/26hn2/26hn2_SLRM_clip.tif
"POLYGON ((175933.5 483444.5,175951.0 483444.5,175951.0 483427.5,175933.5 483427.5,175933.5 483444.5))",100,charcoal_kiln,LiDAR files/26hn2/26hn2_SLRM_clip.tif
"POLYGON ((196228 452310,196239.5 452310.0,196239.5 452297.0,196228 452297,196228 452310))",100,charcoal_kiln,LiDAR files/33dz2/33dz2_SLRM_clip.tif
"POLYGON ((196313 452419,196325.5 452419.0,196325.5 452406.5,196313.0 452406.5,196313 452419))",100,charcoal_kiln,LiDAR files/33dz2/33dz2_SLRM_clip.tif
"POLYGON ((177508.5 484175.5,177525.5 484175.5,177525.5 484162.5,177508.5 484162.5,177508.5 484175.5))",100,charcoal_kiln,LiDAR files/26hn2/26hn2_SLRM_clip.tif
"POLYGON ((178982.0 478284.5,178998.0 478284.5,178998 478268,178982 478268,178982.0 478284.5))",100,charcoal_kiln,LiDAR files/26hz2/26hz2_SLRM_clip.tif
"POLYGON ((178182.5 481724.5,178198.0 481724.5,178198.0 481711.5,178182.5 481711.5,178182.5 481724.5))",100,charcoal_kiln,LiDAR files/26hn2/26hn2_SLRM_clip.tif
"POLYGON ((175195.5 480967.5,175210.5 480967.5,175210.5 480952.5,175195.5 480952.5,175195.5 480967.5))",100,charcoal_kiln,LiDAR files/26hz2/26hz2_SLRM_clip.tif
"POLYGON ((177393.0 480306.5,177406.5 480306.5,177406.5 480291.5,177393.0 480291.5,177393.0 480306.5))",100,charcoal_kiln,LiDAR files/26hz2/26hz2_SLRM_clip.tif
"POLYGON ((177312.5 480325.5,177327.5 480325.5,177327.5 480310.5,177312.5 480310.5,177312.5 480325.5))",100,charcoal_kiln,LiDAR files/26hz2/26hz2_SLRM_clip.tif
"POLYGON ((177339 480320,177354.5 480320.0,177354.5 480304.5,177339.0 480304.5,177339 480320))",100,charcoal_kiln,LiDAR files/26hz2/26hz2_SLRM_clip.tif
"POLYGON ((174738.0 480479.5,174752.5 480479.5,174752.5 480466.5,174738.0 480466.5,174738.0 480479.5))",100,charcoal_kiln,LiDAR files/26hz1/26hz1_SLRM_clip.tif
"POLYGON ((177319.0 474654.5,177334.5 474654.5,177334.5 474639.0,177319 474639,177319.0 474654.5))",100,charcoal_kiln,LiDAR files/32fn2/32fn2_SLRM_clip.tif
"POLYGON ((187576.5 483819.5,187590.5 483819.5,187590.5 483802.5,187576.5 483802.5,187576.5 483819.5))",100,charcoal_kiln,LiDAR files/27cn2/27cn2_SLRM_clip.tif
"POLYGON ((187661.5 483866.5,187676.5 483866.5,187676.5 483851.0,187661.5 483851.0,187661.5 483866.5))",100,charcoal_kiln,LiDAR files/27cn2/27cn2_SLRM_clip.tif
"POLYGON ((187643.5 483889.0,187659 483889,187659.0 483872.5,187643.5 483872.5,187643.5 483889.0))",100,charcoal_kiln,LiDAR files/27cn2/27cn2_SLRM_clip.tif
"POLYGON ((187667.5 483740.0,187684 483740,187684 483723,187667.5 483723.0,187667.5 483740.0))",100,charcoal_kiln,LiDAR files/27cn2/27cn2_SLRM_clip.tif
"POLYGON ((177504.5 480424.5,177519.5 480424.5,177519.5 480410.5,177504.5 480410.5,177504.5 480424.5))",100,charcoal_kiln,LiDAR files/26hz2/26hz2_SLRM_clip.tif
"POLYGON ((175502.5 482736.0,175512.5 482736.0,175512.5 482718.5,175502.5 482718.5,175502.5 482736.0))",100,charcoal_kiln,LiDAR files/26hn2/26hn2_SLRM_clip.tif
"POLYGON ((175499 482725,175512.5 482725.0,175512.5 482709.0,175499 482709,175499 482725))",100,charcoal_kiln,LiDAR files/26hn2/26hn2_SLRM_clip.tif
"POLYGON ((175494.0 482708.5,175508.5 482708.5,175508.5 482693.5,175494.0 482693.5,175494.0 482708.5))",100,charcoal_kiln,LiDAR files/26hn2/26hn2_SLRM_clip.tif
"POLYGON ((175480.0 482714.5,175495.5 482714.5,175495.5 482700.0,175480 482700,175480.0 482714.5))",100,charcoal_kiln,LiDAR files/26hn2/26hn2_SLRM_clip.tif
"POLYGON ((175472.5 482704.5,175487.0 482704.5,175487 482690,175472.5 482690.0,175472.5 482704.5))",100,charcoal_kiln,LiDAR files/26hn2/26hn2_SLRM_clip.tif
"POLYGON ((175488.5 482698.0,175502 482698,175502.0 482685.5,175488.5 482685.5,175488.5 482698.0))",100,charcoal_kiln,LiDAR files/26hn2/26hn2_SLRM_clip.tif
"POLYGON ((175463.5 482694.5,175478.5 482694.5,175478.5 482679.0,175463.5 482679.0,175463.5 482694.5))",100,charcoal_kiln,LiDAR files/26hn2/26hn2_SLRM_clip.tif
"POLYGON ((175262.0 480977.5,175277.0 480977.5,175277 480963,175262 480963,175262.0 480977.5))",100,charcoal_kiln,LiDAR files/26hz2/26hz2_SLRM_clip.tif
"POLYGON ((175402 481015,175416 481015,175416 481000,175402 481000,175402 481015))",100,charcoal_kiln,LiDAR files/26hz2/26hz2_SLRM_clip.tif
"POLYGON ((178026.5 481810.5,178044.5 481810.5,178044.5 481794.0,178026.5 481794.0,178026.5 481810.5))",100,charcoal_kiln,LiDAR files/26hn2/26hn2_SLRM_clip.tif
"POLYGON ((178041 481772,178058 481772,178058 481753,178041 481753,178041 481772))",100,charcoal_kiln,LiDAR files/26hn2/26hn2_SLRM_clip.tif
"POLYGON ((178026.0 481762.5,178043.0 481762.5,178043.0 481746.5,178026.0 481746.5,178026.0 481762.5))",100,charcoal_kiln,LiDAR files/26hn2/26hn2_SLRM_clip.tif
"POLYGON ((177778.0 481820.5,177789.5 481820.5,177789.5 481803.0,177778 481803,177778.0 481820.5))",100,charcoal_kiln,LiDAR files/26hn2/26hn2_SLRM_clip.tif
"POLYGON ((177393 481066,177408.5 481066.0,177408.5 481050.0,177393 481050,177393 481066))",100,charcoal_kiln,LiDAR files/26hz2/26hz2_SLRM_clip.tif
"POLYGON ((177302.5 481118.5,177319.0 481118.5,177319 481102,177302.5 481102.0,177302.5 481118.5))",100,charcoal_kiln,LiDAR files/26hz2/26hz2_SLRM_clip.tif
"POLYGON ((177289.5 480852.5,177304.0 480852.5,177304 480837,177289.5 480837.0,177289.5 480852.5))",100,charcoal_kiln,LiDAR files/26hz2/26hz2_SLRM_clip.tif
"POLYGON ((178965.0 481068.5,178982.0 481068.5,178982.0 481051.5,178965.0 481051.5,178965.0 481068.5))",100,charcoal_kiln,LiDAR files/26hz2/26hz2_SLRM_clip.tif
"POLYGON ((178957.5 481108.0,178972 481108,178972.0 481093.5,178957.5 481093.5,178957.5 481108.0))",100,charcoal_kiln,LiDAR files/26hz2/26hz2_SLRM_clip.tif
"POLYGON ((179700.5 481852.0,179716 481852,179716 481836,179700.5 481836.0,179700.5 481852.0))",100,charcoal_kiln,LiDAR files/26hn2/26hn2_SLRM_clip.tif
"POLYGON ((179716.5 481827.0,179731.5 481827.0,179731.5 481811.0,179716.5 481811.0,179716.5 481827.0))",100,charcoal_kiln,LiDAR files/26hn2/26hn2_SLRM_clip.tif
"POLYGON ((179594.5 481800.5,179609.5 481800.5,179609.5 481785.5,179594.5 481785.5,179594.5 481800.5))",100,charcoal_kiln,LiDAR files/26hn2/26hn2_SLRM_clip.tif
"POLYGON ((189046.5 471860.0,189065 471860,189065.0 471841.5,189046.5 471841.5,189046.5 471860.0))",100,charcoal_kiln,LiDAR files/33an2/33an2_SLRM_clip.tif
"POLYGON ((189061.5 471880.0,189078.5 471880.0,189078.5 471863.0,189061.5 471863.0,189061.5 471880.0))",100,charcoal_kiln,LiDAR files/33an2/33an2_SLRM_clip.tif
"POLYGON ((177471.0 484224.5,177486.5 484224.5,177486.5 484210.5,177471.0 484210.5,177471.0 484224.5))",100,charcoal_kiln,LiDAR files/26hn2/26hn2_SLRM_clip.tif
"POLYGON ((177473.5 484211.5,177489.5 484211.5,177489.5 484197.0,177473.5 484197.0,177473.5 484211.5))",100,charcoal_kiln,LiDAR files/26hn2/26hn2_SLRM_clip.tif
"POLYGON ((177486.5 484194.0,177501 484194,177501.0 484179.5,177486.5 484179.5,177486.5 484194.0))",100,charcoal_kiln,LiDAR files/26hn2/26hn2_SLRM_clip.tif
"POLYGON ((179396.0 483678.5,179411.5 483678.5,179411.5 483662.5,179396.0 483662.5,179396.0 483678.5))",100,charcoal_kiln,LiDAR files/26hn2/26hn2_SLRM_clip.tif
"POLYGON ((185498.0 471335.5,185507.5 471335.5,185507.5 471316.5,185498.0 471316.5,185498.0 471335.5))",100,charcoal_kiln,LiDAR files/33an2/33an2_SLRM_clip.tif
"POLYGON ((185500.5 471322.5,185516.0 471322.5,185516 471307,185500.5 471307.0,185500.5 471322.5))",100,charcoal_kiln,LiDAR files/33an2/33an2_SLRM_clip.tif
"POLYGON ((185511 471313,185525.5 471313.0,185525.5 471297.5,185511.0 471297.5,185511 471313))",100,charcoal_kiln,LiDAR files/33an2/33an2_SLRM_clip.tif
"POLYGON ((185499.5 471302.0,185514 471302,185514.0 471286.5,185499.5 471286.5,185499.5 471302.0))",100,charcoal_kiln,LiDAR files/33an2/33an2_SLRM_clip.tif
"POLYGON ((176642.5 481052.5,176660.0 481052.5,176660.0 481036.5,176642.5 481036.5,176642.5 481052.5))",100,charcoal_kiln,LiDAR files/26hz2/26hz2_SLRM_clip.tif
"POLYGON ((177402.0 481959.5,177419.0 481959.5,177419 481945,177402 481945,177402.0 481959.5))",100,charcoal_kiln,LiDAR files/26hn2/26hn2_SLRM_clip.tif
"POLYGON ((178986 481868,179003 481868,179003 481852,178986 481852,178986 481868))",100,charcoal_kiln,LiDAR files/26hn2/26hn2_SLRM_clip.tif
"POLYGON ((178988 481854,179001.5 481854.0,179001.5 481839.5,178988.0 481839.5,178988 481854))",100,charcoal_kiln,LiDAR files/26hn2/26hn2_SLRM_clip.tif
"POLYGON ((178964.0 481834.5,178978.5 481834.5,178978.5 481820.0,178964 481820,178964.0 481834.5))",100,charcoal_kiln,LiDAR files/26hn2/26hn2_SLRM_clip.tif
"POLYGON ((178944 481819,178960.5 481819.0,178960.5 481803.5,178944.0 481803.5,178944 481819))",100,charcoal_kiln,LiDAR files/26hn2/26hn2_SLRM_clip.tif
"POLYGON ((178934.5 481812.0,178951.5 481812.0,178951.5 481796.5,178934.5 481796.5,178934.5 481812.0))",100,charcoal_kiln,LiDAR files/26hn2/26hn2_SLRM_clip.tif
"POLYGON ((179170.0 481712.5,179187.0 481712.5,179187 481695,179170 481695,179170.0 481712.5))",100,charcoal_kiln,LiDAR files/26hn2/26hn2_SLRM_clip.tif
"POLYGON ((179188.5 481722.0,179203 481722,179203 481708,179188.5 481708.0,179188.5 481722.0))",100,charcoal_kiln,LiDAR files/26hn2/26hn2_SLRM_clip.tif
"POLYGON ((179163.5 481689.0,179178 481689,179178.0 481674.5,179163.5 481674.5,179163.5 481689.0))",100,charcoal_kiln,LiDAR files/26hn2/26hn2_SLRM_clip.tif
"POLYGON ((178725 481177,178742 481177,178742 481161,178725 481161,178725 481177))",100,charcoal_kiln,LiDAR files/26hz2/26hz2_SLRM_clip.tif
"POLYGON ((176353.0 480493.5,176364.0 480493.5,176364.0 480478.5,176353.0 480478.5,176353.0 480493.5))",100,charcoal_kiln,LiDAR files/26hz2/26hz2_SLRM_clip.tif
"POLYGON ((176584.5 480347.0,176601 480347,176601 480331,176584.5 480331.0,176584.5 480347.0))",100,charcoal_kiln,LiDAR files/26hz2/26hz2_SLRM_clip.tif
"POLYGON ((178829.0 477883.5,178843.0 477883.5,178843.0 477869.5,178829.0 477869.5,178829.0 477883.5))",100,charcoal_kiln,LiDAR files/26hz2/26hz2_SLRM_clip.tif
"POLYGON ((178821 477895,178834.5 477895.0,178834.5 477880.5,178821.0 477880.5,178821 477895))",100,charcoal_kiln,LiDAR files/26hz2/26hz2_SLRM_clip.tif
"POLYGON ((175510.5 482741.0,175527 482741,175527.0 482724.5,175510.5 482724.5,175510.5 482741.0))",100,charcoal_kiln,LiDAR files/26hn2/26hn2_SLRM_clip.tif
"POLYGON ((175502.5 482735.5,175517.5 482735.5,175517.5 482719.5,175502.5 482719.5,175502.5 482735.5))",100,charcoal_kiln,LiDAR files/26hn2/26hn2_SLRM_clip.tif
"POLYGON ((175499 482725,175515 482725,175515.0 482709.5,175499.0 482709.5,175499 482725))",100,charcoal_kiln,LiDAR files/26hn2/26hn2_SLRM_clip.tif
"POLYGON ((175498.0 482712.5,175509.0 482712.5,175509 482693,175498 482693,175498.0 482712.5))",100,charcoal_kiln,LiDAR files/26hn2/26hn2_SLRM_clip.tif
"POLYGON ((175515.5 482719.0,175532 482719,175532.0 482702.5,175515.5 482702.5,175515.5 482719.0))",100,charcoal_kiln,LiDAR files/26hn2/26hn2_SLRM_clip.tif
"POLYGON ((175529.5 482720.0,175546 482720,175546.0 482702.5,175529.5 482702.5,175529.5 482720.0))",100,charcoal_kiln,LiDAR files/26hn2/26hn2_SLRM_clip.tif
"POLYGON ((175510.5 482700.5,175527.5 482700.5,175527.5 482686.0,175510.5 482686.0,175510.5 482700.5))",100,charcoal_kiln,LiDAR files/26hn2/26hn2_SLRM_clip.tif
"POLYGON ((175523.5 482699.0,175538.5 482699.0,175538.5 482683.0,175523.5 482683.0,175523.5 482699.0))",100,charcoal_kiln,LiDAR files/26hn2/26hn2_SLRM_clip.tif
"POLYGON ((177918.5 480359.5,177933.5 480359.5,177933.5 480346.0,177918.5 480346.0,177918.5 480359.5))",100,charcoal_kiln,LiDAR files/26hz2/26hz2_SLRM_clip.tif
"POLYGON ((177886.5 480357.0,177900.5 480357.0,177900.5 480344.5,177886.5 480344.5,177886.5 480357.0))",100,charcoal_kiln,LiDAR files/26hz2/26hz2_SLRM_clip.tif
"POLYGON ((177875 480354,177888 480354,177888 480341,177875 480341,177875 480354))",100,charcoal_kiln,LiDAR files/26hz2/26hz2_SLRM_clip.tif
"POLYGON ((177863.5 480351.5,177877.0 480351.5,177877 480338,177863.5 480338.0,177863.5 480351.5))",100,charcoal_kiln,LiDAR files/26hz2/26hz2_SLRM_clip.tif
"POLYGON ((177829.5 480348.5,177846.5 480348.5,177846.5 480336.0,177829.5 480336.0,177829.5 480348.5))",100,charcoal_kiln,LiDAR files/26hz2/26hz2_SLRM_clip.tif
"POLYGON ((177846.0 480355.5,177862.0 480355.5,177862.0 480343.5,177846.0 480343.5,177846.0 480355.5))",100,charcoal_kiln,LiDAR files/26hz2/26hz2_SLRM_clip.tif
"POLYGON ((177829 480360,177844.5 480360.0,177844.5 480345.5,177829.0 480345.5,177829 480360))",100,charcoal_kiln,LiDAR files/26hz2/26hz2_SLRM_clip.tif
"POLYGON ((177818.5 480345.0,177833 480345,177833.0 480330.5,177818.5 480330.5,177818.5 480345.0))",100,charcoal_kiln,LiDAR files/26hz2/26hz2_SLRM_clip.tif
"POLYGON ((177813.0 480353.5,177829.0 480353.5,177829 480339,177813 480339,177813.0 480353.5))",100,charcoal_kiln,LiDAR files/26hz2/26hz2_SLRM_clip.tif
"POLYGON ((177805 480350,177821 480350,177821 480335,177805 480335,177805 480350))",100,charcoal_kiln,LiDAR files/26hz2/26hz2_SLRM_clip.tif
"POLYGON ((177897 480359,177911.5 480359.0,177911.5 480346.5,177897.0 480346.5,177897 480359))",100,charcoal_kiln,LiDAR files/26hz2/26hz2_SLRM_clip.tif
"POLYGON ((177907 480361,177921.5 480361.0,177921.5 480348.0,177907 480348,177907 480361))",100,charcoal_kiln,LiDAR files/26hz2/26hz2_SLRM_clip.tif
"POLYGON ((176350 480493,176364 480493,176364.0 480478.5,176350.0 480478.5,176350 480493))",100,charcoal_kiln,LiDAR files/26hz2/26hz2_SLRM_clip.tif
"POLYGON ((178570 481191,178585 481191,178585 481176,178570 481176,178570 481191))",100,charcoal_kiln,LiDAR files/26hz2/26hz2_SLRM_clip.tif
"POLYGON ((179365.5 481838.5,179381.0 481838.5,179381 481824,179365.5 481824.0,179365.5 481838.5))",100,charcoal_kiln,LiDAR files/26hn2/26hn2_SLRM_clip.tif
"POLYGON ((179331.0 481740.5,179347.0 481740.5,179347 481723,179331 481723,179331.0 481740.5))",100,charcoal_kiln,LiDAR files/26hn2/26hn2_SLRM_clip.tif
"POLYGON ((178777.5 481096.0,178793.5 481096.0,178793.5 481078.0,178777.5 481078.0,178777.5 481096.0))",100,charcoal_kiln,LiDAR files/26hz2/26hz2_SLRM_clip.tif
"POLYGON ((178910.5 481008.0,178927.5 481008.0,178927.5 480993.0,178910.5 480993.0,178910.5 481008.0))",100,charcoal_kiln,LiDAR files/26hz2/26hz2_SLRM_clip.tif
"POLYGON ((178887.5 481095.5,178906.0 481095.5,178906 481076,178887.5 481076.0,178887.5 481095.5))",100,charcoal_kiln,LiDAR files/26hz2/26hz2_SLRM_clip.tif
"POLYGON ((177774.5 481820.0,177790 481820,177790 481805,177774.5 481805.0,177774.5 481820.0))",100,charcoal_kiln,LiDAR files/26hn2/26hn2_SLRM_clip.tif
"POLYGON ((177647.0 481857.5,177663.5 481857.5,177663.5 481842.0,177647 481842,177647.0 481857.5))",100,charcoal_kiln,LiDAR files/26hn2/26hn2_SLRM_clip.tif
"POLYGON ((177604.0 481807.5,177617.0 481807.5,177617 481793,177604 481793,177604.0 481807.5))",100,charcoal_kiln,LiDAR files/26hn2/26hn2_SLRM_clip.tif
"POLYGON ((176267 483400,176282 483400,176282.0 483385.5,176267.0 483385.5,176267 483400))",100,charcoal_kiln,LiDAR files/26hn2/26hn2_SLRM_clip.tif
"POLYGON ((177472.0 483858.5,177487.5 483858.5,177487.5 483842.0,177472 483842,177472.0 483858.5))",100,charcoal_kiln,LiDAR files/26hn2/26hn2_SLRM_clip.tif
"POLYGON ((177474.5 483846.0,177489.5 483846.0,177489.5 483830.5,177474.5 483830.5,177474.5 483846.0))",100,charcoal_kiln,LiDAR files/26hn2/26hn2_SLRM_clip.tif
"POLYGON ((177473.5 483833.5,177492.0 483833.5,177492 483817,177473.5 483817.0,177473.5 483833.5))",100,charcoal_kiln,LiDAR files/26hn2/26hn2_SLRM_clip.tif
"POLYGON ((177474.5 483817.5,177489.5 483817.5,177489.5 483802.5,177474.5 483802.5,177474.5 483817.5))",100,charcoal_kiln,LiDAR files/26hn2/26hn2_SLRM_clip.tif
"POLYGON ((177487.5 483814.0,177502.5 483814.0,177502.5 483800.5,177487.5 483800.5,177487.5 483814.0))",100,charcoal_kiln,LiDAR files/26hn2/26hn2_SLRM_clip.tif
"POLYGON ((177473 483805,177491 483805,177491.0 483787.5,177473.0 483787.5,177473 483805))",100,charcoal_kiln,LiDAR files/26hn2/26hn2_SLRM_clip.tif
"POLYGON ((185483 471315,185499 471315,185499 471299,185483 471299,185483 471315))",100,charcoal_kiln,LiDAR files/33an2/33an2_SLRM_clip.tif
"POLYGON ((185490.0 471336.5,185507.5 471336.5,185507.5 471318.0,185490 471318,185490.0 471336.5))",100,charcoal_kiln,LiDAR files/33an2/33an2_SLRM_clip.tif
"POLYGON ((185501.5 471323.0,185512 471323,185512.0 471304.5,185501.5 471304.5,185501.5 471323.0))",100,charcoal_kiln,LiDAR files/33an2/33an2_SLRM_clip.tif
"POLYGON ((185498.5 471303.0,185512.5 471303.0,185512.5 471286.5,185498.5 471286.5,185498.5 471303.0))",100,charcoal_kiln,LiDAR files/33an2/33an2_SLRM_clip.tif
"POLYGON ((179198 483590,179214 483590,179214 483574,179198 483574,179198 483590))",100,charcoal_kiln,LiDAR files/26hn2/26hn2_SLRM_clip.tif
"POLYGON ((179207.5 483596.5,179217.5 483596.5,179217.5 483580.0,179207.5 483580.0,179207.5 483596.5))",100,charcoal_kiln,LiDAR files/26hn2/26hn2_SLRM_clip.tif
"POLYGON ((196318.0 452496.5,196331.5 452496.5,196331.5 452483.0,196318 452483,196318.0 452496.5))",100,charcoal_kiln,LiDAR files/33dz2/33dz2_SLRM_clip.tif
"POLYGON ((196314.0 452460.5,196329.0 452460.5,196329.0 452446.5,196314.0 452446.5,196314.0 452460.5))",100,charcoal_kiln,LiDAR files/33dz2/33dz2_SLRM_clip.tif
"POLYGON ((196313 452419,196326.5 452419.0,196326.5 452406.5,196313.0 452406.5,196313 452419))",100,charcoal_kiln,LiDAR files/33dz2/33dz2_SLRM_clip.tif
"POLYGON ((170837.0 470255.5,170851.0 470255.5,170851 470241,170837 470241,170837.0 470255.5))",100,charcoal_kiln,LiDAR files/32fn1/32fn1_SLRM_clip.tif
"POLYGON ((170866.5 470247.5,170880.5 470247.5,170880.5 470235.5,170866.5 470235.5,170866.5 470247.5))",100,charcoal_kiln,LiDAR files/32fn1/32fn1_SLRM_clip.tif
"POLYGON ((170854.5 470253.0,170868 470253,170868.0 470238.5,170854.5 470238.5,170854.5 470253.0))",100,charcoal_kiln,LiDAR files/32fn1/32fn1_SLRM_clip.tif
"POLYGON ((176376.5 481711.0,176390 481711,176390 481696,176376.5 481696.0,176376.5 481711.0))",100,charcoal_kiln,LiDAR files/26hn2/26hn2_SLRM_clip.tif
"POLYGON ((176872 482716,176888.5 482716.0,176888.5 482699.0,176872 482699,176872 482716))",100,charcoal_kiln,LiDAR files/26hn2/26hn2_SLRM_clip.tif
"POLYGON ((187700.5 484007.0,187716.5 484007.0,187716.5 483991.5,187700.5 483991.5,187700.5 484007.0))",100,charcoal_kiln,LiDAR files/27cn2/27cn2_SLRM_clip.tif
"POLYGON ((187716.0 484013.5,187732.5 484013.5,187732.5 483997.5,187716.0 483997.5,187716.0 484013.5))",100,charcoal_kiln,LiDAR files/27cn2/27cn2_SLRM_clip.tif
"POLYGON ((179955.5 474722.5,179968.0 474722.5,179968 474709,179955.5 474709.0,179955.5 474722.5))",100,charcoal_kiln,LiDAR files/32fn2/32fn2_SLRM_clip.tif
"POLYGON ((179349.5 480430.0,179363 480430,179363.0 480414.5,179349.5 480414.5,179349.5 480430.0))",100,charcoal_kiln,LiDAR files/26hz2/26hz2_SLRM_clip.tif
"POLYGON ((179399.5 480440.5,179414.0 480440.5,179414.0 480425.5,179399.5 480425.5,179399.5 480440.5))",100,charcoal_kiln,LiDAR files/26hz2/26hz2_SLRM_clip.tif
"POLYGON ((179322 480272,179336.5 480272.0,179336.5 480256.5,179322.0 480256.5,179322 480272))",100,charcoal_kiln,LiDAR files/26hz2/26hz2_SLRM_clip.tif
"POLYGON ((179292 480268,179307.5 480268.0,179307.5 480255.5,179292.0 480255.5,179292 480268))",100,charcoal_kiln,LiDAR files/26hz2/26hz2_SLRM_clip.tif
"POLYGON ((179306 480263,179321.5 480263.0,179321.5 480255.0,179306 480255,179306 480263))",100,charcoal_kiln,LiDAR files/26hz2/26hz2_SLRM_clip.tif
"POLYGON ((179276.5 480264.0,179292.5 480264.0,179292.5 480255.0,179276.5 480255.0,179276.5 480264.0))",100,charcoal_kiln,LiDAR files/26hz2/26hz2_SLRM_clip.tif
"POLYGON ((177109.0 482579.5,177123.5 482579.5,177123.5 482566.0,177109 482566,177109.0 482579.5))",100,charcoal_kiln,LiDAR files/26hn2/26hn2_SLRM_clip.tif
"POLYGON ((177118.5 482583.5,177133.5 482583.5,177133.5 482569.5,177118.5 482569.5,177118.5 482583.5))",100,charcoal_kiln,LiDAR files/26hn2/26hn2_SLRM_clip.tif
"POLYGON ((197164 453117,197177 453117,197177 453105,197164 453105,197164 453117))",100,charcoal_kiln,LiDAR files/33dz2/33dz2_SLRM_clip.tif
"POLYGON ((197180.5 453128.0,197193 453128,197193 453116,197180.5 453116.0,197180.5 453128.0))",100,charcoal_kiln,LiDAR files/33dz2/33dz2_SLRM_clip.tif
"POLYGON ((188715.5 468905.0,188726 468905,188726 468892,188715.5 468892.0,188715.5 468905.0))",100,charcoal_kiln,LiDAR files/33an2/33an2_SLRM_clip.tif
"POLYGON ((188738 468912,188753 468912,188753 468898,188738 468898,188738 468912))",100,charcoal_kiln,LiDAR files/33an2/33an2_SLRM_clip.tif
"POLYGON ((188761 468929,188774 468929,188774.0 468914.5,188761.0 468914.5,188761 468929))",100,charcoal_kiln,LiDAR files/33an2/33an2_SLRM_clip.tif
"POLYGON ((188754.0 468952.5,188768.0 468952.5,188768 468938,188754 468938,188754.0 468952.5))",100,charcoal_kiln,LiDAR files/33an2/33an2_SLRM_clip.tif
"POLYGON ((175721 480988,175735 480988,175735 480973,175721 480973,175721 480988))",100,charcoal_kiln,LiDAR files/26hz2/26hz2_SLRM_clip.tif
"POLYGON ((196455.5 452551.0,196469.5 452551.0,196469.5 452537.5,196455.5 452537.5,196455.5 452551.0))",100,charcoal_kiln,LiDAR files/33dz2/33dz2_SLRM_clip.tif
"POLYGON ((196499 452573,196513 452573,196513.0 452559.5,196499.0 452559.5,196499 452573))",100,charcoal_kiln,LiDAR files/33dz2/33dz2_SLRM_clip.tif
"POLYGON ((196543.5 452622.0,196556 452622,196556.0 452609.5,196543.5 452609.5,196543.5 452622.0))",100,charcoal_kiln,LiDAR files/33dz2/33dz2_SLRM_clip.tif
"POLYGON ((196428.0 452481.5,196435.5 452481.5,196435.5 452468.5,196428.0 452468.5,196428.0 452481.5))",100,charcoal_kiln,LiDAR files/33dz2/33dz2_SLRM_clip.tif
"POLYGON ((196552 452545,196567 452545,196567.0 452531.5,196552.0 452531.5,196552 452545))",100,charcoal_kiln,LiDAR files/33dz2/33dz2_SLRM_clip.tif
"POLYGON ((179428.5 483601.0,179444 483601,179444.0 483585.5,179428.5 483585.5,179428.5 483601.0))",100,charcoal_kiln,LiDAR files/26hn2/26hn2_SLRM_clip.tif
"POLYGON ((179373 483567,179388 483567,179388.0 483552.5,179373.0 483552.5,179373 483567))",100,charcoal_kiln,LiDAR files/26hn2/26hn2_SLRM_clip.tif
"POLYGON ((178335.5 483827.0,178350.5 483827.0,178350.5 483811.5,178335.5 483811.5,178335.5 483827.0))",100,charcoal_kiln,LiDAR files/26hn2/26hn2_SLRM_clip.tif
"POLYGON ((185625.5 474349.0,185640 474349,185640.0 474335.5,185625.5 474335.5,185625.5 474349.0))",100,charcoal_kiln,LiDAR files/33an2/33an2_SLRM_clip.tif
"POLYGON ((185613.0 474346.5,185629.0 474346.5,185629.0 474329.5,185613.0 474329.5,185613.0 474346.5))",100,charcoal_kiln,LiDAR files/33an2/33an2_SLRM_clip.tif
"POLYGON ((175781.0 482106.5,175797.5 482106.5,175797.5 482091.0,175781 482091,175781.0 482106.5))",100,charcoal_kiln,LiDAR files/26hn2/26hn2_SLRM_clip.tif
"POLYGON ((175035 481252,175048.5 481252.0,175048.5 481238.0,175035 481238,175035 481252))",100,charcoal_kiln,LiDAR files/26hz1/26hz1_SLRM_clip.tif
"POLYGON ((175045 481247,175062 481247,175062.0 481233.5,175045.0 481233.5,175045 481247))",100,charcoal_kiln,LiDAR files/26hz1/26hz1_SLRM_clip.tif
"POLYGON ((176242.5 480984.5,176258.0 480984.5,176258 480967,176242.5 480967.0,176242.5 480984.5))",100,charcoal_kiln,LiDAR files/26hz2/26hz2_SLRM_clip.tif
"POLYGON ((176253.0 480977.5,176268.5 480977.5,176268.5 480961.5,176253.0 480961.5,176253.0 480977.5))",100,charcoal_kiln,LiDAR files/26hz2/26hz2_SLRM_clip.tif
"POLYGON ((176123 481030,176138.5 481030.0,176138.5 481012.0,176123 481012,176123 481030))",100,charcoal_kiln,LiDAR files/26hz2/26hz2_SLRM_clip.tif
"POLYGON ((176089.0 480946.5,176103.5 480946.5,176103.5 480932.0,176089 480932,176089.0 480946.5))",100,charcoal_kiln,LiDAR files/26hz2/26hz2_SLRM_clip.tif
"POLYGON ((176084 480937,176096.5 480937.0,176096.5 480923.5,176084.0 480923.5,176084 480937))",100,charcoal_kiln,LiDAR files/26hz2/26hz2_SLRM_clip.tif
"POLYGON ((176068.5 480940.0,176079 480940,176079.0 480922.5,176068.5 480922.5,176068.5 480940.0))",100,charcoal_kiln,LiDAR files/26hz2/26hz2_SLRM_clip.tif
"POLYGON ((178716.5 480497.5,178731.0 480497.5,178731 480482,178716.5 480482.0,178716.5 480497.5))",100,charcoal_kiln,LiDAR files/26hz2/26hz2_SLRM_clip.tif
"POLYGON ((178856.5 480303.0,178872.5 480303.0,178872.5 480287.5,178856.5 480287.5,178856.5 480303.0))",100,charcoal_kiln,LiDAR files/26hz2/26hz2_SLRM_clip.tif
"POLYGON ((177611.0 480744.5,177625.5 480744.5,177625.5 480730.0,177611 480730,177611.0 480744.5))",100,charcoal_kiln,LiDAR files/26hz2/26hz2_SLRM_clip.tif
"POLYGON ((177530.5 480809.5,177545.5 480809.5,177545.5 480795.0,177530.5 480795.0,177530.5 480809.5))",100,charcoal_kiln,LiDAR files/26hz2/26hz2_SLRM_clip.tif
"POLYGON ((174901.5 481276.5,174917.0 481276.5,174917.0 481261.5,174901.5 481261.5,174901.5 481276.5))",100,charcoal_kiln,LiDAR files/26hz1/26hz1_SLRM_clip.tif
"POLYGON ((175034.5 481251.5,175048.0 481251.5,175048 481238,175034.5 481238.0,175034.5 481251.5))",100,charcoal_kiln,LiDAR files/26hz1/26hz1_SLRM_clip.tif
"POLYGON ((175046.5 481246.5,175060.5 481246.5,175060.5 481232.5,175046.5 481232.5,175046.5 481246.5))",100,charcoal_kiln,LiDAR files/26hz1/26hz1_SLRM_clip.tif
"POLYGON ((174926.5 481295.0,174941 481295,174941.0 481280.5,174926.5 481280.5,174926.5 481295.0))",100,charcoal_kiln,LiDAR files/26hz1/26hz1_SLRM_clip.tif
"POLYGON ((177754.5 481127.0,177771.5 481127.0,177771.5 481111.5,177754.5 481111.5,177754.5 481127.0))",100,charcoal_kiln,LiDAR files/26hz2/26hz2_SLRM_clip.tif
"POLYGON ((179934.5 476966.5,179946.0 476966.5,179946 476956,179934.5 476956.0,179934.5 476966.5))",100,charcoal_kiln,LiDAR files/26hz2/26hz2_SLRM_clip.tif
"POLYGON ((179939.5 476975.0,179953 476975,179953 476961,179939.5 476961.0,179939.5 476975.0))",100,charcoal_kiln,LiDAR files/26hz2/26hz2_SLRM_clip.tif
"POLYGON ((179886 477073,179902.5 477073.0,179902.5 477057.5,179886.0 477057.5,179886 477073))",100,charcoal_kiln,LiDAR files/26hz2/26hz2_SLRM_clip.tif
"POLYGON ((179802.5 477110.0,179816.5 477110.0,179816.5 477094.5,179802.5 477094.5,179802.5 477110.0))",100,charcoal_kiln,LiDAR files/26hz2/26hz2_SLRM_clip.tif
"POLYGON ((177307.5 481165.0,177323 481165,177323.0 481149.5,177307.5 481149.5,177307.5 481165.0))",100,charcoal_kiln,LiDAR files/26hz2/26hz2_SLRM_clip.tif
"POLYGON ((177315.5 481171.5,177329.0 481171.5,177329 481157,177315.5 481157.0,177315.5 481171.5))",100,charcoal_kiln,LiDAR files/26hz2/26hz2_SLRM_clip.tif
"POLYGON ((177406 481307,177421.5 481307.0,177421.5 481290.0,177406 481290,177406 481307))",100,charcoal_kiln,LiDAR files/26hz2/26hz2_SLRM_clip.tif
"POLYGON ((177248 481153,177263.5 481153.0,177263.5 481139.5,177248.0 481139.5,177248 481153))",100,charcoal_kiln,LiDAR files/26hz2/26hz2_SLRM_clip.tif
"POLYGON ((177252 481138,177266.5 481138.0,177266.5 481121.5,177252.0 481121.5,177252 481138))",100,charcoal_kiln,LiDAR files/26hz2/26hz2_SLRM_clip.tif
"POLYGON ((177240.5 481135.5,177254.5 481135.5,177254.5 481119.0,177240.5 481119.0,177240.5 481135.5))",100,charcoal_kiln,LiDAR files/26hz2/26hz2_SLRM_clip.tif
"POLYGON ((177304.5 481116.5,177319.0 481116.5,177319 481102,177304.5 481102.0,177304.5 481116.5))",100,charcoal_kiln,LiDAR files/26hz2/26hz2_SLRM_clip.tif
"POLYGON ((179607.5 480163.5,179622.0 480163.5,179622 480149,179607.5 480149.0,179607.5 480163.5))",100,charcoal_kiln,LiDAR files/26hz2/26hz2_SLRM_clip.tif
"POLYGON ((179585 480249,179600.5 480249.0,179600.5 480233.5,179585.0 480233.5,179585 480249))",100,charcoal_kiln,LiDAR files/26hz2/26hz2_SLRM_clip.tif
"POLYGON ((179488.0 480141.5,179498.5 480141.5,179498.5 480127.5,179488.0 480127.5,179488.0 480141.5))",100,charcoal_kiln,LiDAR files/26hz2/26hz2_SLRM_clip.tif
"POLYGON ((179488.0 480191.5,179495.0 480191.5,179495.0 480176.5,179488.0 480176.5,179488.0 480191.5))",100,charcoal_kiln,LiDAR files/26hz2/26hz2_SLRM_clip.tif
"POLYGON ((178534.5 480515.5,178550.0 480515.5,178550 480501,178534.5 480501.0,178534.5 480515.5))",100,charcoal_kiln,LiDAR files/26hz2/26hz2_SLRM_clip.tif
"POLYGON ((176538 480918,176555.5 480918.0,176555.5 480901.0,176538 480901,176538 480918))",100,charcoal_kiln,LiDAR files/26hz2/26hz2_SLRM_clip.tif
"POLYGON ((177060.0 481809.5,177075.5 481809.5,177075.5 481793.0,177060 481793,177060.0 481809.5))",100,charcoal_kiln,LiDAR files/26hn2/26hn2_SLRM_clip.tif
"POLYGON ((175783 482107,175798 482107,175798 482089,175783 482089,175783 482107))",100,charcoal_kiln,LiDAR files/26hn2/26hn2_SLRM_clip.tif
"POLYGON ((175916.5 482140.5,175933.0 482140.5,175933.0 482124.5,175916.5 482124.5,175916.5 482140.5))",100,charcoal_kiln,LiDAR files/26hn2/26hn2_SLRM_clip.tif
"POLYGON ((176682.0 445432.5,176693.5 445432.5,176693.5 445422.0,176682 445422,176682.0 445432.5))",100,charcoal_kiln,LiDAR files/39fn2/39fn2_SLRM_clip.tif
"POLYGON ((199137 452395,199151 452395,199151.0 452382.5,199137.0 452382.5,199137 452395))",100,charcoal_kiln,LiDAR files/33dz2/33dz2_SLRM_clip.tif
"POLYGON ((177058 483056,177075.5 483056.0,177075.5 483040.0,177058 483040,177058 483056))",100,charcoal_kiln,LiDAR files/26hn2/26hn2_SLRM_clip.tif
"POLYGON ((176972.5 482832.5,176987.5 482832.5,176987.5 482817.0,176972.5 482817.0,176972.5 482832.5))",100,charcoal_kiln,LiDAR files/26hn2/26hn2_SLRM_clip.tif
"POLYGON ((176982.0 482842.5,176997.0 482842.5,176997.0 482826.5,176982.0 482826.5,176982.0 482842.5))",100,charcoal_kiln,LiDAR files/26hn2/26hn2_SLRM_clip.tif
"POLYGON ((178228.5 482813.5,178245.5 482813.5,178245.5 482800.0,178228.5 482800.0,178228.5 482813.5))",100,charcoal_kiln,LiDAR files/26hn2/26hn2_SLRM_clip.tif
"POLYGON ((197546 453932,197560.5 453932.0,197560.5 453918.0,197546 453918,197546 453932))",100,charcoal_kiln,LiDAR files/33dz2/33dz2_SLRM_clip.tif
"POLYGON ((196607 454174,196619 454174,196619.0 454160.5,196607.0 454160.5,196607 454174))",100,charcoal_kiln,LiDAR files/33dz2/33dz2_SLRM_clip.tif
"POLYGON ((178477.5 481465.0,178495 481465,178495 481446,178477.5 481446.0,178477.5 481465.0))",100,charcoal_kiln,LiDAR files/26hn2/26hn2_SLRM_clip.tif
"POLYGON ((178536 481424,178553.5 481424.0,178553.5 481406.0,178536 481406,178536 481424))",100,charcoal_kiln,LiDAR files/26hn2/26hn2_SLRM_clip.tif
"POLYGON ((178548 481428,178564.5 481428.0,178564.5 481410.5,178548.0 481410.5,178548 481428))",100,charcoal_kiln,LiDAR files/26hn2/26hn2_SLRM_clip.tif
"POLYGON ((177594.0 480187.5,177608.0 480187.5,177608 480174,177594 480174,177594.0 480187.5))",100,charcoal_kiln,LiDAR files/26hz2/26hz2_SLRM_clip.tif
"POLYGON ((177566.5 480226.5,177579.0 480226.5,177579.0 480213.5,177566.5 480213.5,177566.5 480226.5))",100,charcoal_kiln,LiDAR files/26hz2/26hz2_SLRM_clip.tif
"POLYGON ((177502.0 480227.5,177516.0 480227.5,177516.0 480214.5,177502.0 480214.5,177502.0 480227.5))",100,charcoal_kiln,LiDAR files/26hz2/26hz2_SLRM_clip.tif
"POLYGON ((177618.5 480246.0,177633.5 480246.0,177633.5 480230.5,177618.5 480230.5,177618.5 480246.0))",100,charcoal_kiln,LiDAR files/26hz2/26hz2_SLRM_clip.tif
"POLYGON ((178917.0 481424.5,178932.5 481424.5,178932.5 481408.5,178917.0 481408.5,178917.0 481424.5))",100,charcoal_kiln,LiDAR files/26hn2/26hn2_SLRM_clip.tif
"POLYGON ((178899.5 481434.5,178914.0 481434.5,178914.0 481419.5,178899.5 481419.5,178899.5 481434.5))",100,charcoal_kiln,LiDAR files/26hn2/26hn2_SLRM_clip.tif
"POLYGON ((178779.5 481622.0,178795.5 481622.0,178795.5 481606.5,178779.5 481606.5,178779.5 481622.0))",100,charcoal_kiln,LiDAR files/26hn2/26hn2_SLRM_clip.tif
"POLYGON ((196091.5 454135.5,196104.0 454135.5,196104 454124,196091.5 454124.0,196091.5 454135.5))",100,charcoal_kiln,LiDAR files/33dz2/33dz2_SLRM_clip.tif
"POLYGON ((182500 476387,182516 476387,182516.0 476370.5,182500.0 476370.5,182500 476387))",100,charcoal_kiln,LiDAR files/27cz1/27cz1_SLRM_clip.tif
"POLYGON ((182493.0 476335.5,182503.5 476335.5,182503.5 476320.5,182493.0 476320.5,182493.0 476335.5))",100,charcoal_kiln,LiDAR files/27cz1/27cz1_SLRM_clip.tif
"POLYGON ((175645.5 446429.5,175661.5 446429.5,175661.5 446415.5,175645.5 446415.5,175645.5 446429.5))",100,charcoal_kiln,LiDAR files/39fn2/39fn2_SLRM_clip.tif
"POLYGON ((196857.0 454341.5,196870.0 454341.5,196870 454329,196857 454329,196857.0 454341.5))",100,charcoal_kiln,LiDAR files/33dz2/33dz2_SLRM_clip.tif
"POLYGON ((196917.5 454329.0,196930 454329,196930 454316,196917.5 454316.0,196917.5 454329.0))",100,charcoal_kiln,LiDAR files/33dz2/33dz2_SLRM_clip.tif
"POLYGON ((196908 454365,196920.5 454365.0,196920.5 454352.0,196908 454352,196908 454365))",100,charcoal_kiln,LiDAR files/33dz2/33dz2_SLRM_clip.tif
"POLYGON ((196812.5 454394.0,196825.5 454394.0,196825.5 454382.0,196812.5 454382.0,196812.5 454394.0))",100,charcoal_kiln,LiDAR files/33dz2/33dz2_SLRM_clip.tif
"POLYGON ((196928 454395,196937.5 454395.0,196937.5 454382.5,196928.0 454382.5,196928 454395))",100,charcoal_kiln,LiDAR files/33dz2/33dz2_SLRM_clip.tif
"POLYGON ((196921.5 454312.0,196935.5 454312.0,196935.5 454297.0,196921.5 454297.0,196921.5 454312.0))",100,charcoal_kiln,LiDAR files/33dz2/33dz2_SLRM_clip.tif
"POLYGON ((177516.5 481402.5,177530.5 481402.5,177530.5 481389.5,177516.5 481389.5,177516.5 481402.5))",100,charcoal_kiln,LiDAR files/26hz2/26hz2_SLRM_clip.tif
"POLYGON ((177538 481417,177552 481417,177552.0 481404.5,177538.0 481404.5,177538 481417))",100,charcoal_kiln,LiDAR files/26hn2/26hn2_SLRM_clip.tif
"POLYGON ((177587 481458,177601.5 481458.0,177601.5 481444.5,177587.0 481444.5,177587 481458))",100,charcoal_kiln,LiDAR files/26hn2/26hn2_SLRM_clip.tif
"POLYGON ((178564.5 479853.5,178579.0 479853.5,178579 479838,178564.5 479838.0,178564.5 479853.5))",100,charcoal_kiln,LiDAR files/26hz2/26hz2_SLRM_clip.tif
"POLYGON ((178597.5 479850.5,178613.0 479850.5,178613 479835,178597.5 479835.0,178597.5 479850.5))",100,charcoal_kiln,LiDAR files/26hz2/26hz2_SLRM_clip.tif
"POLYGON ((178549.5 479962.0,178563 479962,178563.0 479949.5,178549.5 479949.5,178549.5 479962.0))",100,charcoal_kiln,LiDAR files/26hz2/26hz2_SLRM_clip.tif
"POLYGON ((185184.5 486171.5,185199.0 486171.5,185199 486157,185184.5 486157.0,185184.5 486171.5))",100,charcoal_kiln,LiDAR files/27cn2/27cn2_SLRM_clip.tif
"POLYGON ((185028.5 486120.0,185044 486120,185044.0 486105.5,185028.5 486105.5,185028.5 486120.0))",100,charcoal_kiln,LiDAR files/27cn2/27cn2_SLRM_clip.tif
"POLYGON ((195404.0 454589.5,195415.5 454589.5,195415.5 454577.5,195404.0 454577.5,195404.0 454589.5))",100,charcoal_kiln,LiDAR files/33dz2/33dz2_SLRM_clip.tif
"POLYGON ((195462 454593,195475 454593,195475 454580,195462 454580,195462 454593))",100,charcoal_kiln,LiDAR files/33dz2/33dz2_SLRM_clip.tif
"POLYGON ((195447.5 454534.0,195461.5 454534.0,195461.5 454520.0,195447.5 454520.0,195447.5 454534.0))",100,charcoal_kiln,LiDAR files/33dz2/33dz2_SLRM_clip.tif
"POLYGON ((195500.5 454496.0,195512.5 454496.0,195512.5 454483.0,195500.5 454483.0,195500.5 454496.0))",100,charcoal_kiln,LiDAR files/33dz2/33dz2_SLRM_clip.tif
"POLYGON ((176825.5 480203.5,176839.5 480203.5,176839.5 480188.5,176825.5 480188.5,176825.5 480203.5))",100,charcoal_kiln,LiDAR files/26hz2/26hz2_SLRM_clip.tif
"POLYGON ((177002.5 480176.5,177018.5 480176.5,177018.5 480160.0,177002.5 480160.0,177002.5 480176.5))",100,charcoal_kiln,LiDAR files/26hz2/26hz2_SLRM_clip.tif
"POLYGON ((177023.5 480220.0,177040 480220,177040 480205,177023.5 480205.0,177023.5 480220.0))",100,charcoal_kiln,LiDAR files/26hz2/26hz2_SLRM_clip.tif
"POLYGON ((177000.5 480255.5,177017.0 480255.5,177017.0 480238.5,177000.5 480238.5,177000.5 480255.5))",100,charcoal_kiln,LiDAR files/26hz2/26hz2_SLRM_clip.tif
"POLYGON ((177107 480118,177121.5 480118.0,177121.5 480103.0,177107 480103,177107 480118))",100,charcoal_kiln,LiDAR files/26hz2/26hz2_SLRM_clip.tif
"POLYGON ((177095.0 480116.5,177110.0 480116.5,177110.0 480101.5,177095.0 480101.5,177095.0 480116.5))",100,charcoal_kiln,LiDAR files/26hz2/26hz2_SLRM_clip.tif
"POLYGON ((176964.5 480054.0,176978.5 480054.0,176978.5 480041.0,176964.5 480041.0,176964.5 480054.0))",100,charcoal_kiln,LiDAR files/26hz2/26hz2_SLRM_clip.tif
"POLYGON ((176978.0 480031.5,176993.0 480031.5,176993 480017,176978 480017,176978.0 480031.5))",100,charcoal_kiln,LiDAR files/26hz2/26hz2_SLRM_clip.tif
"POLYGON ((177095 480130,177111.5 480130.0,177111.5 480115.5,177095.0 480115.5,177095 480130))",100,charcoal_kiln,LiDAR files/26hz2/26hz2_SLRM_clip.tif
"POLYGON ((178788.0 479871.5,178803.5 479871.5,178803.5 479855.0,178788 479855,178788.0 479871.5))",100,charcoal_kiln,LiDAR files/26hz2/26hz2_SLRM_clip.tif
"POLYGON ((178806.5 479870.5,178823.0 479870.5,178823 479855,178806.5 479855.0,178806.5 479870.5))",100,charcoal_kiln,LiDAR files/26hz2/26hz2_SLRM_clip.tif
"POLYGON ((179108.5 481656.5,179126.0 481656.5,179126 481640,179108.5 481640.0,179108.5 481656.5))",100,charcoal_kiln,LiDAR files/26hn2/26hn2_SLRM_clip.tif
"POLYGON ((179125.5 481655.0,179141.5 481655.0,179141.5 481639.0,179125.5 481639.0,179125.5 481655.0))",100,charcoal_kiln,LiDAR files/26hn2/26hn2_SLRM_clip.tif
"POLYGON ((178931 481476,178946.5 481476.0,178946.5 481462.0,178931 481462,178931 481476))",100,charcoal_kiln,LiDAR files/26hn2/26hn2_SLRM_clip.tif
"POLYGON ((178946.0 481474.5,178959.5 481474.5,178959.5 481461.5,178946.0 481461.5,178946.0 481474.5))",100,charcoal_kiln,LiDAR files/26hn2/26hn2_SLRM_clip.tif
"POLYGON ((178957 481481,178970 481481,178970 481467,178957 481467,178957 481481))",100,charcoal_kiln,LiDAR files/26hn2/26hn2_SLRM_clip.tif
"POLYGON ((178966.5 481493.0,178984 481493,178984.0 481476.5,178966.5 481476.5,178966.5 481493.0))",100,charcoal_kiln,LiDAR files/26hn2/26hn2_SLRM_clip.tif
"POLYGON ((178918.5 481423.5,178933.0 481423.5,178933 481409,178918.5 481409.0,178918.5 481423.5))",100,charcoal_kiln,LiDAR files/26hn2/26hn2_SLRM_clip.tif
"POLYGON ((177471.5 481532.5,177485.0 481532.5,177485 481518,177471.5 481518.0,177471.5 481532.5))",100,charcoal_kiln,LiDAR files/26hn2/26hn2_SLRM_clip.tif
"POLYGON ((177469.5 481519.5,177484.5 481519.5,177484.5 481504.5,177469.5 481504.5,177469.5 481519.5))",100,charcoal_kiln,LiDAR files/26hn2/26hn2_SLRM_clip.tif
"POLYGON ((196927.5 454394.0,196939.5 454394.0,196939.5 454382.5,196927.5 454382.5,196927.5 454394.0))",100,charcoal_kiln,LiDAR files/33dz2/33dz2_SLRM_clip.tif
"POLYGON ((196983.0 454380.5,196995.5 454380.5,196995.5 454366.5,196983.0 454366.5,196983.0 454380.5))",100,charcoal_kiln,LiDAR files/33dz2/33dz2_SLRM_clip.tif
"POLYGON ((196949.5 454331.5,196961.5 454331.5,196961.5 454318.5,196949.5 454318.5,196949.5 454331.5))",100,charcoal_kiln,LiDAR files/33dz2/33dz2_SLRM_clip.tif
"POLYGON ((196940.5 454329.5,196952.5 454329.5,196952.5 454316.0,196940.5 454316.0,196940.5 454329.5))",100,charcoal_kiln,LiDAR files/33dz2/33dz2_SLRM_clip.tif
"POLYGON ((196923.0 454332.5,196930.5 454332.5,196930.5 454315.0,196923 454315,196923.0 454332.5))",100,charcoal_kiln,LiDAR files/33dz2/33dz2_SLRM_clip.tif
"POLYGON ((177716.5 482969.0,177735.5 482969.0,177735.5 482950.0,177716.5 482950.0,177716.5 482969.0))",100,charcoal_kiln,LiDAR files/26hn2/26hn2_SLRM_clip.tif
"POLYGON ((182352.0 476386.5,182370.0 476386.5,182370 476370,182352 476370,182352.0 476386.5))",100,charcoal_kiln,LiDAR files/27cz1/27cz1_SLRM_clip.tif
"POLYGON ((182430.5 476379.0,182446.5 476379.0,182446.5 476364.0,182430.5 476364.0,182430.5 476379.0))",100,charcoal_kiln,LiDAR files/27cz1/27cz1_SLRM_clip.tif
"POLYGON ((182408.5 476377.5,182424.0 476377.5,182424 476362,182408.5 476362.0,182408.5 476377.5))",100,charcoal_kiln,LiDAR files/27cz1/27cz1_SLRM_clip.tif
"POLYGON ((182395.0 476372.5,182411.5 476372.5,182411.5 476356.0,182395 476356,182395.0 476372.5))",100,charcoal_kiln,LiDAR files/27cz1/27cz1_SLRM_clip.tif
"POLYGON ((182424 476394,182438.5 476394.0,182438.5 476378.0,182424 476378,182424 476394))",100,charcoal_kiln,LiDAR files/27cz1/27cz1_SLRM_clip.tif
"POLYGON ((182476.0 476366.5,182491.5 476366.5,182491.5 476352.0,182476 476352,182476.0 476366.5))",100,charcoal_kiln,LiDAR files/27cz1/27cz1_SLRM_clip.tif
"POLYGON ((182421.5 476408.0,182437.5 476408.0,182437.5 476392.5,182421.5 476392.5,182421.5 476408.0))",100,charcoal_kiln,LiDAR files/27cz1/27cz1_SLRM_clip.tif
"POLYGON ((182349 476404,182367.5 476404.0,182367.5 476389.0,182349 476389,182349 476404))",100,charcoal_kiln,LiDAR files/27cz1/27cz1_SLRM_clip.tif
"POLYGON ((182341.0 476389.5,182355.5 476389.5,182355.5 476375.0,182341 476375,182341.0 476389.5))",100,charcoal_kiln,LiDAR files/27cz1/27cz1_SLRM_clip.tif
"POLYGON ((182489.0 476334.5,182505.0 476334.5,182505.0 476320.5,182489.0 476320.5,182489.0 476334.5))",100,charcoal_kiln,LiDAR files/27cz1/27cz1_SLRM_clip.tif
"POLYGON ((182448 476330,182461 476330,182461 476317,182448 476317,182448 476330))",100,charcoal_kiln,LiDAR files/27cz1/27cz1_SLRM_clip.tif
"POLYGON ((182433 476331,182448 476331,182448 476316,182433 476316,182433 476331))",100,charcoal_kiln,LiDAR files/27cz1/27cz1_SLRM_clip.tif
"POLYGON ((182419.5 476330.0,182436 476330,182436.0 476313.5,182419.5 476313.5,182419.5 476330.0))",100,charcoal_kiln,LiDAR files/27cz1/27cz1_SLRM_clip.tif
"POLYGON ((182404.5 476330.0,182420.5 476330.0,182420.5 476315.5,182404.5 476315.5,182404.5 476330.0))",100,charcoal_kiln,LiDAR files/27cz1/27cz1_SLRM_clip.tif
"POLYGON ((182308 476416,182323.5 476416.0,182323.5 476402.5,182308.0 476402.5,182308 476416))",100,charcoal_kiln,LiDAR files/27cz1/27cz1_SLRM_clip.tif
"POLYGON ((182490.5 476387.0,182501 476387,182501 476371,182490.5 476371.0,182490.5 476387.0))",100,charcoal_kiln,LiDAR files/27cz1/27cz1_SLRM_clip.tif
"POLYGON ((176400 482842,176416.5 482842.0,176416.5 482825.0,176400 482825,176400 482842))",100,charcoal_kiln,LiDAR files/26hn2/26hn2_SLRM_clip.tif
"POLYGON ((176416.0 482840.5,176433.0 482840.5,176433.0 482823.5,176416.0 482823.5,176416.0 482840.5))",100,charcoal_kiln,LiDAR files/26hn2/26hn2_SLRM_clip.tif
"POLYGON ((176374.0 482975.5,176389.5 482975.5,176389.5 482959.0,176374 482959,176374.0 482975.5))",100,charcoal_kiln,LiDAR files/26hn2/26hn2_SLRM_clip.tif
"POLYGON ((176189.0 481503.5,176203.0 481503.5,176203.0 481489.5,176189.0 481489.5,176189.0 481503.5))",100,charcoal_kiln,LiDAR files/26hn2/26hn2_SLRM_clip.tif
"POLYGON ((176093.5 481508.0,176107.5 481508.0,176107.5 481494.0,176093.5 481494.0,176093.5 481508.0))",100,charcoal_kiln,LiDAR files/26hn2/26hn2_SLRM_clip.tif
"POLYGON ((176218 481443,176233.5 481443.0,176233.5 481428.5,176218.0 481428.5,176218 481443))",100,charcoal_kiln,LiDAR files/26hn2/26hn2_SLRM_clip.tif
"POLYGON ((195792 454265,195805 454265,195805 454253,195792 454253,195792 454265))",100,charcoal_kiln,LiDAR files/33dz2/33dz2_SLRM_clip.tif
"POLYGON ((195825.5 454305.5,195838.0 454305.5,195838 454294,195825.5 454294.0,195825.5 454305.5))",100,charcoal_kiln,LiDAR files/33dz2/33dz2_SLRM_clip.tif
"POLYGON ((195855 454330,195867.5 454330.0,195867.5 454317.5,195855.0 454317.5,195855 454330))",100,charcoal_kiln,LiDAR files/33dz2/33dz2_SLRM_clip.tif
"POLYGON ((195946.5 454400.0,195960 454400,195960.0 454386.5,195946.5 454386.5,195946.5 454400.0))",100,charcoal_kiln,LiDAR files/33dz2/33dz2_SLRM_clip.tif
"POLYGON ((195872.5 454278.0,195884.5 454278.0,195884.5 454265.0,195872.5 454265.0,195872.5 454278.0))",100,charcoal_kiln,LiDAR files/33dz2/33dz2_SLRM_clip.tif
"POLYGON ((195911.5 454327.5,195925.0 454327.5,195925.0 454312.5,195911.5 454312.5,195911.5 454327.5))",100,charcoal_kiln,LiDAR files/33dz2/33dz2_SLRM_clip.tif
"POLYGON ((178253.0 480014.5,178268.0 480014.5,178268.0 479998.5,178253.0 479998.5,178253.0 480014.5))",100,charcoal_kiln,LiDAR files/26hz2/26hz2_SLRM_clip.tif
"POLYGON ((178309.0 480035.5,178323.5 480035.5,178323.5 480018.5,178309.0 480018.5,178309.0 480035.5))",100,charcoal_kiln,LiDAR files/26hz2/26hz2_SLRM_clip.tif
"POLYGON ((178319 480017,178335.5 480017.0,178335.5 480000.5,178319.0 480000.5,178319 480017))",100,charcoal_kiln,LiDAR files/26hz2/26hz2_SLRM_clip.tif
"POLYGON ((178266 480016,178285 480016,178285 479999,178266 479999,178266 480016))",100,charcoal_kiln,LiDAR files/26hz2/26hz2_SLRM_clip.tif
"POLYGON ((198319.5 454684.0,198333.5 454684.0,198333.5 454670.5,198319.5 454670.5,198319.5 454684.0))",100,charcoal_kiln,LiDAR files/33dz2/33dz2_SLRM_clip.tif
"POLYGON ((180166 448065,180180.5 448065.0,180180.5 448051.5,180166.0 448051.5,180166 448065))",100,charcoal_kiln,LiDAR files/40an1/40an1_SLRM_clip.tif
"POLYGON ((180178.5 448081.0,180194 448081,180194.0 448067.5,180178.5 448067.5,180178.5 448081.0))",100,charcoal_kiln,LiDAR files/40an1/40an1_SLRM_clip.tif
"POLYGON ((176210.5 482862.0,176225 482862,176225 482844,176210.5 482844.0,176210.5 482862.0))",100,charcoal_kiln,LiDAR files/26hn2/26hn2_SLRM_clip.tif
"POLYGON ((183190.5 448373.0,183205 448373,183205 448359,183190.5 448359.0,183190.5 448373.0))",100,charcoal_kiln,LiDAR files/40an1/40an1_SLRM_clip.tif
"POLYGON ((183106.5 448250.5,183123.0 448250.5,183123.0 448234.5,183106.5 448234.5,183106.5 448250.5))",100,charcoal_kiln,LiDAR files/40an1/40an1_SLRM_clip.tif
"POLYGON ((179025 449533,179038 449533,179038 449519,179025 449519,179025 449533))",100,charcoal_kiln,LiDAR files/39fn2/39fn2_SLRM_clip.tif
"POLYGON ((179036.5 449538.5,179051.5 449538.5,179051.5 449525.0,179036.5 449525.0,179036.5 449538.5))",100,charcoal_kiln,LiDAR files/39fn2/39fn2_SLRM_clip.tif
"POLYGON ((179033.0 449554.5,179048.5 449554.5,179048.5 449538.5,179033.0 449538.5,179033.0 449554.5))",100,charcoal_kiln,LiDAR files/39fn2/39fn2_SLRM_clip.tif
"POLYGON ((179019.5 449554.0,179033 449554,179033.0 449538.5,179019.5 449538.5,179019.5 449554.0))",100,charcoal_kiln,LiDAR files/39fn2/39fn2_SLRM_clip.tif
"POLYGON ((179027 449569,179042 449569,179042 449554,179027 449554,179027 449569))",100,charcoal_kiln,LiDAR files/39fn2/39fn2_SLRM_clip.tif
"POLYGON ((179014 449566,179028 449566,179028.0 449549.5,179014.0 449549.5,179014 449566))",100,charcoal_kiln,LiDAR files/39fn2/39fn2_SLRM_clip.tif
"POLYGON ((179004.0 449554.5,179018.0 449554.5,179018.0 449539.5,179004.0 449539.5,179004.0 449554.5))",100,charcoal_kiln,LiDAR files/39fn2/39fn2_SLRM_clip.tif
"POLYGON ((178999 449566,179013 449566,179013.0 449550.5,178999.0 449550.5,178999 449566))",100,charcoal_kiln,LiDAR files/39fn2/39fn2_SLRM_clip.tif
"POLYGON ((179006.5 449577.5,179021.0 449577.5,179021 449562,179006.5 449562.0,179006.5 449577.5))",100,charcoal_kiln,LiDAR files/39fn2/39fn2_SLRM_clip.tif
"POLYGON ((178994.5 449578.5,179008.5 449578.5,179008.5 449563.5,178994.5 449563.5,178994.5 449578.5))",100,charcoal_kiln,LiDAR files/39fn2/39fn2_SLRM_clip.tif
"POLYGON ((179000.0 449589.5,179015.5 449589.5,179015.5 449575.0,179000 449575,179000.0 449589.5))",100,charcoal_kiln,LiDAR files/39fn2/39fn2_SLRM_clip.tif
"POLYGON ((178986.5 449589.5,179002.5 449589.5,179002.5 449576.0,178986.5 449576.0,178986.5 449589.5))",100,charcoal_kiln,LiDAR files/39fn2/39fn2_SLRM_clip.tif
"POLYGON ((177038 479529,177052 479529,177052.0 479514.5,177038.0 479514.5,177038 479529))",100,charcoal_kiln,LiDAR files/26hz2/26hz2_SLRM_clip.tif
"POLYGON ((175805.0 481598.5,175821.0 481598.5,175821 481584,175805 481584,175805.0 481598.5))",100,charcoal_kiln,LiDAR files/26hn2/26hn2_SLRM_clip.tif
"POLYGON ((175860.0 481567.5,175879.0 481567.5,175879 481551,175860 481551,175860.0 481567.5))",100,charcoal_kiln,LiDAR files/26hn2/26hn2_SLRM_clip.tif
"POLYGON ((178911.0 480218.5,178928.0 480218.5,178928.0 480198.5,178911.0 480198.5,178911.0 480218.5))",100,charcoal_kiln,LiDAR files/26hz2/26hz2_SLRM_clip.tif
"POLYGON ((175696 481665,175712 481665,175712.0 481650.5,175696.0 481650.5,175696 481665))",100,charcoal_kiln,LiDAR files/26hn2/26hn2_SLRM_clip.tif
"POLYGON ((175706.5 481654.5,175723.5 481654.5,175723.5 481637.5,175706.5 481637.5,175706.5 481654.5))",100,charcoal_kiln,LiDAR files/26hn2/26hn2_SLRM_clip.tif
"POLYGON ((175721 481622,175736 481622,175736.0 481606.5,175721.0 481606.5,175721 481622))",100,charcoal_kiln,LiDAR files/26hn2/26hn2_SLRM_clip.tif
"POLYGON ((175744 481543,175760.5 481543.0,175760.5 481526.5,175744.0 481526.5,175744 481543))",100,charcoal_kiln,LiDAR files/26hn2/26hn2_SLRM_clip.tif
"POLYGON ((175673.0 481653.5,175687.0 481653.5,175687 481639,175673 481639,175673.0 481653.5))",100,charcoal_kiln,LiDAR files/26hn2/26hn2_SLRM_clip.tif
"POLYGON ((175647 481631,175661 481631,175661.0 481618.5,175647.0 481618.5,175647 481631))",100,charcoal_kiln,LiDAR files/26hn2/26hn2_SLRM_clip.tif
"POLYGON ((179559 481546,179572 481546,179572 481530,179559 481530,179559 481546))",100,charcoal_kiln,LiDAR files/26hn2/26hn2_SLRM_clip.tif
"POLYGON ((176762.5 479496.5,176778.5 479496.5,176778.5 479481.5,176762.5 479481.5,176762.5 479496.5))",100,charcoal_kiln,LiDAR files/26hz2/26hz2_SLRM_clip.tif
